subgenome,contig,window_start,window_end,n_markers,mean_abs_delta_af,max_abs_delta_af,n_markers_delta_ge_0_75,n_markers_delta_ge_0_90,genomewide_window_rank
sgC,chr_D_sg_C_(Scaffold_1;HRSCAF_2),25000001,26000000,15247,0.5145782394733095,1.0,7265,4622,1
sgC,chr_D_sg_C_(Scaffold_1;HRSCAF_2),16000001,17000000,13206,0.5268555571088803,1.0,6266,4573,2
sgC,chr_D_sg_C_(Scaffold_1;HRSCAF_2),13000001,14000000,14540,0.4713811736559503,1.0,6542,4460,3
sgC,chr_D_sg_C_(Scaffold_1;HRSCAF_2),17000001,18000000,12133,0.5033049304148899,1.0,5270,4077,4
sgC,chr_D_sg_C_(Scaffold_1;HRSCAF_2),14000001,15000000,12816,0.5449670524284149,1.0,6678,3641,5
sgC,chr_D_sg_C_(Scaffold_1;HRSCAF_2),15000001,16000000,15192,0.4795104765780248,1.0,6772,2562,6
sgC,chr_D_sg_C_(Scaffold_1;HRSCAF_2),10000001,11000000,14353,0.4210783799214879,1.0,4538,2499,7
sgC,chr_D_sg_C_(Scaffold_1;HRSCAF_2),21000001,22000000,10270,0.4432966497961557,1.0,3927,2420,8
sgC,chr_D_sg_C_(Scaffold_1;HRSCAF_2),23000001,24000000,12043,0.4854751584968231,1.0,5031,2319,9
sgC,chr_D_sg_C_(Scaffold_1;HRSCAF_2),11000001,12000000,15103,0.4051314506853155,1.0,4664,2316,10
sgC,chr_D_sg_C_(Scaffold_1;HRSCAF_2),20000001,21000000,11464,0.4167041705967847,1.0,3512,2053,11
sgC,chr_D_sg_C_(Scaffold_1;HRSCAF_2),27000001,28000000,13808,0.4097190179461252,1.0,4618,1776,12
sgC,chr_D_sg_C_(Scaffold_1;HRSCAF_2),26000001,27000000,10687,0.4615288239411169,1.0,4075,1766,13
sgC,chr_D_sg_C_(Scaffold_1;HRSCAF_2),24000001,25000000,10318,0.3646350346364824,1.0,2300,1715,14
sgC,chr_D_sg_C_(Scaffold_1;HRSCAF_2),22000001,23000000,10453,0.428559484883024,1.0,3581,1688,15
sgC,chr_D_sg_C_(Scaffold_1;HRSCAF_2),19000001,20000000,12468,0.3587346784591754,1.0,2451,1441,16
sgC,chr_D_sg_C_(Scaffold_1;HRSCAF_2),12000001,13000000,12976,0.4041068082143912,1.0,3987,1304,17
sgC,chr_D_sg_C_(Scaffold_1;HRSCAF_2),18000001,19000000,7494,0.346298387361232,1.0,1924,1273,18
sgC,chr_E_sg_C_(Scaffold_3;HRSCAF_4),31000001,32000000,8964,0.1476171214624999,1.0,33,25,19
sgC,chr_D_sg_C_(Scaffold_1;HRSCAF_2),29000001,30000000,13166,0.4556485611456665,1.0,4857,20,20
sgC,chr_G_sg_C_(Scaffold_28;HRSCAF_29),1,1000000,7080,0.07352137739849492,1.0,37,20,21
sgC,chr_D_sg_C_(Scaffold_1;HRSCAF_2),30000001,31000000,5062,0.2746306916447124,0.9166666666666666,814,18,22
sgC,chr_E_sg_C_(Scaffold_3;HRSCAF_4),21000001,22000000,8552,0.07452434206994626,0.9583333333333334,22,15,23
sgC,chr_K_sg_C_(Scaffold_30;HRSCAF_31),1000001,2000000,8461,0.08116649532558193,1.0,18,12,24
sgC,chr_D_sg_C_(Scaffold_1;HRSCAF_2),28000001,29000000,13699,0.4690835996862043,1.0,5465,9,25
sgC,chr_G_sg_C_(Scaffold_28;HRSCAF_29),31000001,32000000,7483,0.2563915511930967,1.0,22,8,26
sgC,chr_H_sg_C_(Scaffold_12;HRSCAF_13),5000001,6000000,10140,0.04888780817035025,1.0,7,5,27
sgC,chr_B_sg_C_(Scaffold_34;HRSCAF_35),40000001,41000000,7895,0.09359810550437972,0.9166666666666666,7,4,28
sgC,chr_A_sg_C_(Scaffold_18;HRSCAF_19),11000001,12000000,12338,0.2985882093537335,1.0,6,3,29
sgC,chr_J_sg_C_(Scaffold_7;HRSCAF_8),16000001,17000000,7923,0.1175074420720009,0.9166666666666666,6,3,30
sgC,chr_A_sg_C_(Scaffold_18;HRSCAF_19),3000001,4000000,16597,0.2445564417306237,0.9166666666666666,4,3,31
sgC,chr_F_sg_C_(Scaffold_17;HRSCAF_18),10000001,11000000,6980,0.05409344714502101,0.9166666666666666,16,2,32
sgC,chr_A_sg_C_(Scaffold_18;HRSCAF_19),9000001,10000000,11208,0.2469779847155421,1.0,15,2,33
sgC,chr_G_sg_C_(Scaffold_28;HRSCAF_29),30000001,31000000,9163,0.2294094533644861,0.9,8,2,34
sgC,chr_E_sg_C_(Scaffold_3;HRSCAF_4),13000001,14000000,9320,0.1313776507231416,0.9666666666666667,7,2,35
sgC,chr_E_sg_C_(Scaffold_3;HRSCAF_4),7000001,8000000,10051,0.07793990243497972,1.0,6,2,36
sgC,chr_H_sg_C_(Scaffold_12;HRSCAF_13),22000001,23000000,9125,0.06006409480929853,0.9166666666666666,6,2,37
sgC,chr_F_sg_C_(Scaffold_17;HRSCAF_18),19000001,20000000,15394,0.08616580447975987,1.0,5,2,38
sgC,chr_C_sg_C_(Scaffold_8;HRSCAF_9),15000001,16000000,10245,0.09355103169158911,0.9166666666666666,3,2,39
sgC,chr_J_sg_C_(Scaffold_7;HRSCAF_8),20000001,21000000,11147,0.07159322316988455,0.9166666666666666,2,2,40
sgC,chr_F_sg_C_(Scaffold_17;HRSCAF_18),24000001,25000000,8952,0.1160256245963361,0.9,18,1,41
sgC,chr_J_sg_C_(Scaffold_7;HRSCAF_8),15000001,16000000,9326,0.1036777287930024,0.9333333333333333,7,1,42
sgC,chr_G_sg_C_(Scaffold_28;HRSCAF_29),24000001,25000000,13159,0.2571702838877488,0.9666666666666667,6,1,43
sgC,chr_K_sg_C_(Scaffold_30;HRSCAF_31),4000001,5000000,11882,0.2349312795155271,0.9,5,1,44
sgC,chr_I_sg_C_(Scaffold_16;HRSCAF_17),7000001,8000000,9679,0.2025321669525643,0.9,4,1,45
sgC,chr_C_sg_C_(Scaffold_8;HRSCAF_9),26000001,27000000,6678,0.0645240208694803,0.9166666666666666,4,1,46
sgC,chr_A_sg_C_(Scaffold_18;HRSCAF_19),20000001,21000000,13682,0.2592710078256891,1.0,3,1,47
sgC,chr_F_sg_C_(Scaffold_17;HRSCAF_18),32000001,33000000,7808,0.08692312852789286,0.9166666666666666,3,1,48
sgC,chr_K_sg_C_(Scaffold_30;HRSCAF_31),10000001,11000000,12055,0.2664859141964035,0.9166666666666666,2,1,49
sgC,chr_I_sg_C_(Scaffold_16;HRSCAF_17),17000001,18000000,10833,0.2406376977894532,1.0,2,1,50
sgC,chr_I_sg_C_(Scaffold_16;HRSCAF_17),10000001,11000000,13684,0.2342044611337245,0.9,2,1,51
sgC,chr_I_sg_C_(Scaffold_16;HRSCAF_17),12000001,13000000,9859,0.2274494470153278,0.9166666666666666,2,1,52
sgC,chr_K_sg_C_(Scaffold_30;HRSCAF_31),18000001,19000000,10862,0.08815460315069765,0.9333333333333333,2,1,53
sgC,chr_C_sg_C_(Scaffold_8;HRSCAF_9),7000001,8000000,9115,0.08119820966502266,0.9230769230769231,2,1,54
sgC,chr_B_sg_C_(Scaffold_34;HRSCAF_35),51000001,52000000,9062,0.05868419265572099,1.0,2,1,55
sgC,chr_C_sg_C_(Scaffold_8;HRSCAF_9),30000001,31000000,9772,0.05536158479261122,1.0,2,1,56
sgC,chr_K_sg_C_(Scaffold_30;HRSCAF_31),15000001,16000000,10523,0.2448090333436674,0.9666666666666667,1,1,57
sgC,chr_I_sg_C_(Scaffold_16;HRSCAF_17),16000001,17000000,10798,0.1853736704426613,0.9166666666666666,1,1,58
sgC,chr_A_sg_C_(Scaffold_18;HRSCAF_19),25000001,26000000,7493,0.1259405681733152,0.9,1,1,59
sgC,chr_H_sg_C_(Scaffold_12;HRSCAF_13),11000001,12000000,9653,0.08119656136076375,1.0,1,1,60
sgC,chr_E_sg_C_(Scaffold_3;HRSCAF_4),16000001,17000000,8202,0.07287565113095568,0.9166666666666666,1,1,61
sgC,chr_D_sg_C_(Scaffold_1;HRSCAF_2),7000001,8000000,11051,0.3650985759030362,0.8333333333333334,1184,0,62
sgC,chr_D_sg_C_(Scaffold_1;HRSCAF_2),9000001,10000000,11412,0.3667647430265661,0.8333333333333334,28,0,63
sgC,chr_D_sg_C_(Scaffold_1;HRSCAF_2),8000001,9000000,10974,0.3732021054396641,0.75,17,0,64
sgC,chr_E_sg_C_(Scaffold_3;HRSCAF_4),9000001,10000000,8184,0.08481863322405904,0.8333333333333334,11,0,65
sgC,chr_J_sg_C_(Scaffold_7;HRSCAF_8),18000001,19000000,9755,0.1118732361095299,0.8333333333333334,8,0,66
sgC,chr_A_sg_C_(Scaffold_18;HRSCAF_19),12000001,13000000,13157,0.2905765474170197,0.8333333333333334,6,0,67
sgC,chr_A_sg_C_(Scaffold_18;HRSCAF_19),18000001,19000000,14024,0.2810148072359397,0.8,6,0,68
sgC,chr_A_sg_C_(Scaffold_18;HRSCAF_19),10000001,11000000,13126,0.2756385476730659,0.8333333333333334,6,0,69
sgC,chr_A_sg_C_(Scaffold_18;HRSCAF_19),1000001,2000000,13739,0.2596003211513742,0.8461538461538461,6,0,70
sgC,chr_F_sg_C_(Scaffold_17;HRSCAF_18),34000001,35000000,9586,0.08715281519370754,0.8333333333333334,6,0,71
sgC,chr_G_sg_C_(Scaffold_28;HRSCAF_29),18000001,19000000,17197,0.3484775599271978,0.875,5,0,72
sgC,chr_A_sg_C_(Scaffold_18;HRSCAF_19),14000001,15000000,11098,0.2923568232092367,0.875,5,0,73
sgC,chr_G_sg_C_(Scaffold_28;HRSCAF_29),21000001,22000000,12300,0.2660219184609585,0.8333333333333334,5,0,74
sgC,chr_K_sg_C_(Scaffold_30;HRSCAF_31),13000001,14000000,10762,0.2322734101678518,0.75,5,0,75
sgC,chr_J_sg_C_(Scaffold_7;HRSCAF_8),17000001,18000000,8788,0.1189993514299407,0.8461538461538461,5,0,76
sgC,chr_C_sg_C_(Scaffold_8;HRSCAF_9),22000001,23000000,9012,0.07939767733376471,0.8333333333333334,5,0,77
sgC,chr_B_sg_C_(Scaffold_34;HRSCAF_35),30000001,31000000,9584,0.07189294167852635,0.875,5,0,78
sgC,chr_G_sg_C_(Scaffold_28;HRSCAF_29),27000001,28000000,14486,0.2913533001583701,0.8333333333333334,4,0,79
sgC,chr_A_sg_C_(Scaffold_18;HRSCAF_19),4000001,5000000,14453,0.2216484350539583,0.8333333333333334,4,0,80
sgC,chr_H_sg_C_(Scaffold_12;HRSCAF_13),10000001,11000000,8185,0.1058625054440579,0.8,4,0,81
sgC,chr_J_sg_C_(Scaffold_7;HRSCAF_8),11000001,12000000,8426,0.09045056319712129,0.7666666666666667,4,0,82
sgC,chr_E_sg_C_(Scaffold_3;HRSCAF_4),12000001,13000000,8843,0.07116619951347834,0.75,4,0,83
sgC,chr_A_sg_C_(Scaffold_18;HRSCAF_19),13000001,14000000,15347,0.2935369744176105,0.8,3,0,84
sgC,chr_G_sg_C_(Scaffold_28;HRSCAF_29),29000001,30000000,16558,0.2856146777287636,0.75,3,0,85
sgC,chr_G_sg_C_(Scaffold_28;HRSCAF_29),25000001,26000000,14251,0.2498208367778861,0.8333333333333334,3,0,86
sgC,chr_A_sg_C_(Scaffold_18;HRSCAF_19),15000001,16000000,8807,0.2230907684722784,0.75,3,0,87
sgC,chr_D_sg_C_(Scaffold_1;HRSCAF_2),6000001,7000000,10168,0.1530256874867433,0.75,3,0,88
sgC,chr_J_sg_C_(Scaffold_7;HRSCAF_8),12000001,13000000,9934,0.1013738777831819,0.7738095238095237,3,0,89
sgC,chr_H_sg_C_(Scaffold_12;HRSCAF_13),14000001,15000000,6336,0.08414535012546313,0.8,3,0,90
sgC,chr_E_sg_C_(Scaffold_3;HRSCAF_4),1,1000000,9907,0.05746286815480178,0.8809523809523809,3,0,91
sgC,chr_A_sg_C_(Scaffold_18;HRSCAF_19),6000001,7000000,15393,0.3135599458684652,0.75,2,0,92
sgC,chr_A_sg_C_(Scaffold_18;HRSCAF_19),5000001,6000000,14338,0.2870295361943435,0.75,2,0,93
sgC,chr_G_sg_C_(Scaffold_28;HRSCAF_29),19000001,20000000,18156,0.2814286283470003,0.875,2,0,94
sgC,chr_A_sg_C_(Scaffold_18;HRSCAF_19),7000001,8000000,13758,0.2362338562731121,0.8333333333333334,2,0,95
sgC,chr_I_sg_C_(Scaffold_16;HRSCAF_17),9000001,10000000,12057,0.2095968710176243,0.75,2,0,96
sgC,chr_F_sg_C_(Scaffold_17;HRSCAF_18),18000001,19000000,9200,0.1009767813707978,0.8333333333333334,2,0,97
sgC,chr_E_sg_C_(Scaffold_3;HRSCAF_4),11000001,12000000,9873,0.08200128000340826,0.7692307692307693,2,0,98
sgC,chr_H_sg_C_(Scaffold_12;HRSCAF_13),6000001,7000000,8996,0.06921715734243512,0.8,2,0,99
sgC,chr_H_sg_C_(Scaffold_12;HRSCAF_13),17000001,18000000,11341,0.06365824752210751,0.75,2,0,100
sgC,chr_C_sg_C_(Scaffold_8;HRSCAF_9),23000001,24000000,13988,0.06109471165412166,0.75,2,0,101
sgC,chr_C_sg_C_(Scaffold_8;HRSCAF_9),27000001,28000000,8855,0.05501183834046497,0.75,2,0,102
sgC,chr_K_sg_C_(Scaffold_30;HRSCAF_31),29000001,30000000,5121,0.3606962961532404,0.75,1,0,103
sgC,chr_A_sg_C_(Scaffold_18;HRSCAF_19),16000001,17000000,9984,0.3195338774139961,0.75,1,0,104
sgC,chr_K_sg_C_(Scaffold_30;HRSCAF_31),7000001,8000000,12976,0.3081719518236908,0.7916666666666666,1,0,105
sgC,chr_A_sg_C_(Scaffold_18;HRSCAF_19),19000001,20000000,15409,0.2879747483355844,0.75,1,0,106
sgC,chr_A_sg_C_(Scaffold_18;HRSCAF_19),17000001,18000000,9202,0.2714181665252074,0.75,1,0,107
sgC,chr_G_sg_C_(Scaffold_28;HRSCAF_29),22000001,23000000,13668,0.2542934847807585,0.7583333333333333,1,0,108
sgC,chr_G_sg_C_(Scaffold_28;HRSCAF_29),26000001,27000000,13979,0.2509432855577194,0.75,1,0,109
sgC,chr_G_sg_C_(Scaffold_28;HRSCAF_29),20000001,21000000,14793,0.2487625442299998,0.75,1,0,110
sgC,chr_K_sg_C_(Scaffold_30;HRSCAF_31),12000001,13000000,11123,0.2283679632124296,0.7666666666666667,1,0,111
sgC,chr_A_sg_C_(Scaffold_18;HRSCAF_19),1,1000000,13435,0.22751930986765,0.8,1,0,112
sgC,chr_G_sg_C_(Scaffold_28;HRSCAF_29),28000001,29000000,12287,0.2255540924174459,0.75,1,0,113
sgC,chr_A_sg_C_(Scaffold_18;HRSCAF_19),2000001,3000000,15149,0.2190010025180612,0.75,1,0,114
sgC,chr_G_sg_C_(Scaffold_28;HRSCAF_29),32000001,33000000,6579,0.1753499983322142,0.75,1,0,115
sgC,chr_F_sg_C_(Scaffold_17;HRSCAF_18),27000001,28000000,7602,0.1184845836878187,0.7666666666666667,1,0,116
sgC,chr_E_sg_C_(Scaffold_3;HRSCAF_4),14000001,15000000,7808,0.1170775358947768,0.75,1,0,117
sgC,chr_F_sg_C_(Scaffold_17;HRSCAF_18),29000001,30000000,9245,0.09927466079980841,0.8333333333333334,1,0,118
sgC,chr_J_sg_C_(Scaffold_7;HRSCAF_8),14000001,15000000,11062,0.09914992122323948,0.75,1,0,119
sgC,chr_C_sg_C_(Scaffold_8;HRSCAF_9),16000001,17000000,9219,0.09784884638448282,0.75,1,0,120
sgC,chr_K_sg_C_(Scaffold_30;HRSCAF_31),17000001,18000000,12080,0.09765822477743166,0.8,1,0,121
sgC,chr_J_sg_C_(Scaffold_7;HRSCAF_8),19000001,20000000,8966,0.09326740810680655,0.8571428571428571,1,0,122
sgC,chr_C_sg_C_(Scaffold_8;HRSCAF_9),21000001,22000000,10578,0.08592014511612196,0.775,1,0,123
sgC,chr_E_sg_C_(Scaffold_3;HRSCAF_4),25000001,26000000,10112,0.08550033415292473,0.75,1,0,124
sgC,chr_E_sg_C_(Scaffold_3;HRSCAF_4),10000001,11000000,10309,0.08510476977351215,0.75,1,0,125
sgC,chr_J_sg_C_(Scaffold_7;HRSCAF_8),13000001,14000000,9503,0.07809896354303517,0.7666666666666667,1,0,126
sgC,chr_G_sg_C_(Scaffold_28;HRSCAF_29),12000001,13000000,7781,0.07649608884026109,0.8333333333333334,1,0,127
sgC,chr_E_sg_C_(Scaffold_3;HRSCAF_4),5000001,6000000,10841,0.0754708863070659,0.75,1,0,128
sgC,chr_J_sg_C_(Scaffold_7;HRSCAF_8),10000001,11000000,8355,0.06796606246336903,0.7666666666666666,1,0,129
sgC,chr_B_sg_C_(Scaffold_34;HRSCAF_35),48000001,49000000,10028,0.06719630837850248,0.8333333333333334,1,0,130
sgC,chr_E_sg_C_(Scaffold_3;HRSCAF_4),4000001,5000000,10091,0.06465261029724469,0.8,1,0,131
sgC,chr_B_sg_C_(Scaffold_34;HRSCAF_35),49000001,50000000,10035,0.06330266478248517,0.761904761904762,1,0,132
sgC,chr_F_sg_C_(Scaffold_17;HRSCAF_18),12000001,13000000,7090,0.06028698264593699,0.75,1,0,133
sgC,chr_J_sg_C_(Scaffold_7;HRSCAF_8),26000001,27000000,8882,0.05070049949299903,0.7628205128205128,1,0,134
sgC,chr_C_sg_C_(Scaffold_8;HRSCAF_9),4000001,5000000,7127,0.05051649276778979,0.8333333333333334,1,0,135
sgC,chr_C_sg_C_(Scaffold_8;HRSCAF_9),5000001,6000000,9069,0.0504188886425057,0.75,1,0,136
sgC,chr_B_sg_C_(Scaffold_34;HRSCAF_35),55000001,56000000,6548,0.04870093381470876,0.8333333333333334,1,0,137
sgC,chr_K_sg_C_(Scaffold_30;HRSCAF_31),5000001,6000000,11469,0.2837147734218099,0.6666666666666666,0,0,138
sgC,chr_A_sg_C_(Scaffold_18;HRSCAF_19),8000001,9000000,14402,0.2615685730739253,0.7,0,0,139
sgC,chr_G_sg_C_(Scaffold_28;HRSCAF_29),23000001,24000000,19052,0.2562513213744061,0.7,0,0,140
sgC,chr_K_sg_C_(Scaffold_30;HRSCAF_31),8000001,9000000,10783,0.2552674318787653,0.6666666666666666,0,0,141
sgC,chr_G_sg_C_(Scaffold_28;HRSCAF_29),6000001,7000000,9428,0.2406435418633146,0.6666666666666666,0,0,142
sgC,chr_K_sg_C_(Scaffold_30;HRSCAF_31),28000001,29000000,7988,0.238764846820681,0.6666666666666666,0,0,143
sgC,chr_A_sg_C_(Scaffold_18;HRSCAF_19),30000001,31000000,9867,0.2363981091709903,0.7000000000000001,0,0,144
sgC,chr_A_sg_C_(Scaffold_18;HRSCAF_19),29000001,30000000,8134,0.2356977585155633,0.6333333333333334,0,0,145
sgC,chr_K_sg_C_(Scaffold_30;HRSCAF_31),16000001,17000000,12690,0.2334247352332481,0.6666666666666666,0,0,146
sgC,chr_A_sg_C_(Scaffold_18;HRSCAF_19),28000001,29000000,8636,0.2271960082144234,0.6,0,0,147
sgC,chr_G_sg_C_(Scaffold_28;HRSCAF_29),16000001,17000000,12177,0.2267934810802562,0.7,0,0,148
sgC,chr_I_sg_C_(Scaffold_16;HRSCAF_17),14000001,15000000,10233,0.2267391856002225,0.6666666666666666,0,0,149
sgC,chr_K_sg_C_(Scaffold_30;HRSCAF_31),3000001,4000000,11874,0.2264858127667643,0.6666666666666666,0,0,150
sgC,chr_A_sg_C_(Scaffold_18;HRSCAF_19),21000001,22000000,10427,0.2247382201251945,0.7,0,0,151
sgC,chr_K_sg_C_(Scaffold_30;HRSCAF_31),14000001,15000000,14977,0.2225436539601588,0.6666666666666666,0,0,152
sgC,chr_A_sg_C_(Scaffold_18;HRSCAF_19),31000001,32000000,8278,0.2215190724552902,0.7,0,0,153
sgC,chr_I_sg_C_(Scaffold_16;HRSCAF_17),11000001,12000000,11027,0.2148188915464722,0.6666666666666666,0,0,154
sgC,chr_I_sg_C_(Scaffold_16;HRSCAF_17),8000001,9000000,9315,0.2111174067776316,0.6666666666666666,0,0,155
sgC,chr_K_sg_C_(Scaffold_30;HRSCAF_31),11000001,12000000,9606,0.2100279127839993,0.6904761904761905,0,0,156
sgC,chr_G_sg_C_(Scaffold_28;HRSCAF_29),17000001,18000000,13601,0.2037811978478102,0.7166666666666667,0,0,157
sgC,chr_K_sg_C_(Scaffold_30;HRSCAF_31),9000001,10000000,8491,0.202825479980702,0.6833333333333333,0,0,158
sgC,chr_A_sg_C_(Scaffold_18;HRSCAF_19),27000001,28000000,9740,0.2004517564912896,0.6333333333333334,0,0,159
sgC,chr_H_sg_C_(Scaffold_12;HRSCAF_13),31000001,32000000,3130,0.1949315966248876,0.5833333333333334,0,0,160
sgC,chr_A_sg_C_(Scaffold_18;HRSCAF_19),35000001,36000000,4475,0.191108502298452,0.6,0,0,161
sgC,chr_A_sg_C_(Scaffold_18;HRSCAF_19),22000001,23000000,10551,0.1903627278165195,0.5833333333333334,0,0,162
sgC,chr_I_sg_C_(Scaffold_16;HRSCAF_17),15000001,16000000,11755,0.189448598332049,0.7166666666666667,0,0,163
sgC,chr_I_sg_C_(Scaffold_16;HRSCAF_17),13000001,14000000,9990,0.1817922109588807,0.6666666666666667,0,0,164
sgC,chr_A_sg_C_(Scaffold_18;HRSCAF_19),32000001,33000000,7923,0.1804827267057466,0.5833333333333334,0,0,165
sgC,chr_K_sg_C_(Scaffold_30;HRSCAF_31),6000001,7000000,11270,0.1800031593665151,0.7115384615384616,0,0,166
sgC,chr_H_sg_C_(Scaffold_12;HRSCAF_13),25000001,26000000,9651,0.1798019719374907,0.5833333333333334,0,0,167
sgC,chr_H_sg_C_(Scaffold_12;HRSCAF_13),26000001,27000000,9544,0.1794405353657132,0.5833333333333334,0,0,168
sgC,chr_G_sg_C_(Scaffold_28;HRSCAF_29),3000001,4000000,7369,0.1781675238860733,0.45,0,0,169
sgC,chr_A_sg_C_(Scaffold_18;HRSCAF_19),33000001,34000000,7470,0.1756789963717639,0.6166666666666667,0,0,170
sgC,chr_G_sg_C_(Scaffold_28;HRSCAF_29),4000001,5000000,7950,0.1728415787566684,0.5833333333333334,0,0,171
sgC,chr_A_sg_C_(Scaffold_18;HRSCAF_19),34000001,35000000,8414,0.1709547949475411,0.5833333333333334,0,0,172
sgC,chr_G_sg_C_(Scaffold_28;HRSCAF_29),7000001,8000000,8048,0.1701083614447165,0.5952380952380952,0,0,173
sgC,chr_G_sg_C_(Scaffold_28;HRSCAF_29),15000001,16000000,12222,0.1693475366339842,0.6666666666666666,0,0,174
sgC,chr_C_sg_C_(Scaffold_8;HRSCAF_9),9000001,10000000,9566,0.1691894044000401,0.5833333333333334,0,0,175
sgC,chr_H_sg_C_(Scaffold_12;HRSCAF_13),1,1000000,9552,0.1657932345432289,0.625,0,0,176
sgC,chr_A_sg_C_(Scaffold_18;HRSCAF_19),23000001,24000000,9628,0.1652282171159401,0.65,0,0,177
sgC,chr_G_sg_C_(Scaffold_28;HRSCAF_29),5000001,6000000,8344,0.1592538693329682,0.5166666666666667,0,0,178
sgC,chr_G_sg_C_(Scaffold_28;HRSCAF_29),2000001,3000000,6501,0.1586814329084796,0.5333333333333333,0,0,179
sgC,chr_H_sg_C_(Scaffold_12;HRSCAF_13),1000001,2000000,12269,0.1548255416439424,0.5833333333333334,0,0,180
sgC,chr_H_sg_C_(Scaffold_12;HRSCAF_13),30000001,31000000,6624,0.1482612295112283,0.5,0,0,181
sgC,chr_A_sg_C_(Scaffold_18;HRSCAF_19),24000001,25000000,8078,0.1440167965236068,0.5833333333333334,0,0,182
sgC,chr_K_sg_C_(Scaffold_30;HRSCAF_31),2000001,3000000,13410,0.138723537006535,0.6,0,0,183
sgC,chr_J_sg_C_(Scaffold_7;HRSCAF_8),28000001,29000000,26,0.1293956043956044,0.4166666666666667,0,0,184
sgC,chr_C_sg_C_(Scaffold_8;HRSCAF_9),10000001,11000000,13373,0.1271337395374584,0.6666666666666666,0,0,185
sgC,chr_E_sg_C_(Scaffold_3;HRSCAF_4),32000001,33000000,6214,0.1187823401252717,0.5833333333333334,0,0,186
sgC,chr_C_sg_C_(Scaffold_8;HRSCAF_9),11000001,12000000,11121,0.1166263943172533,0.5833333333333334,0,0,187
sgC,chr_H_sg_C_(Scaffold_12;HRSCAF_13),2000001,3000000,10046,0.1163250985194979,0.5833333333333334,0,0,188
sgC,chr_F_sg_C_(Scaffold_17;HRSCAF_18),28000001,29000000,6724,0.1161107705500922,0.7166666666666667,0,0,189
sgC,chr_C_sg_C_(Scaffold_8;HRSCAF_9),8000001,9000000,14514,0.1158702890513526,0.55,0,0,190
sgC,chr_F_sg_C_(Scaffold_17;HRSCAF_18),13000001,14000000,8257,0.1132071301594163,0.6,0,0,191
sgC,chr_F_sg_C_(Scaffold_17;HRSCAF_18),26000001,27000000,8708,0.1080057631849069,0.6166666666666667,0,0,192
sgC,chr_D_sg_C_(Scaffold_1;HRSCAF_2),1,1000000,6698,0.1073103230500961,0.5833333333333334,0,0,193
sgC,chr_F_sg_C_(Scaffold_17;HRSCAF_18),25000001,26000000,6864,0.1069517130596683,0.6309523809523809,0,0,194
sgC,chr_F_sg_C_(Scaffold_17;HRSCAF_18),8000001,9000000,6982,0.103595417520518,0.5,0,0,195
sgC,chr_F_sg_C_(Scaffold_17;HRSCAF_18),33000001,34000000,9376,0.1033227269388763,0.5333333333333333,0,0,196
sgC,chr_H_sg_C_(Scaffold_12;HRSCAF_13),27000001,28000000,6973,0.1032078204313967,0.5,0,0,197
sgC,chr_F_sg_C_(Scaffold_17;HRSCAF_18),22000001,23000000,12729,0.1025697077252581,0.7166666666666666,0,0,198
sgC,chr_J_sg_C_(Scaffold_7;HRSCAF_8),27000001,28000000,7593,0.1018033910862817,0.6666666666666666,0,0,199
sgC,chr_A_sg_C_(Scaffold_18;HRSCAF_19),26000001,27000000,7373,0.1011800476299295,0.5,0,0,200
sgC,chr_C_sg_C_(Scaffold_8;HRSCAF_9),19000001,20000000,8052,0.1011361951097424,0.6309523809523809,0,0,201
sgC,chr_B_sg_C_(Scaffold_34;HRSCAF_35),39000001,40000000,8172,0.1009735838480348,0.5833333333333334,0,0,202
sgC,chr_B_sg_C_(Scaffold_34;HRSCAF_35),38000001,39000000,9737,0.09968014252701744,0.5833333333333334,0,0,203
sgC,chr_B_sg_C_(Scaffold_34;HRSCAF_35),11000001,12000000,6482,0.09865452992959861,0.5833333333333334,0,0,204
sgC,chr_F_sg_C_(Scaffold_17;HRSCAF_18),4000001,5000000,6807,0.09856269287736853,0.6666666666666667,0,0,205
sgC,chr_B_sg_C_(Scaffold_34;HRSCAF_35),14000001,15000000,9379,0.0984437551288998,0.5,0,0,206
sgC,chr_B_sg_C_(Scaffold_34;HRSCAF_35),13000001,14000000,7703,0.09819252321523994,0.6666666666666666,0,0,207
sgC,chr_F_sg_C_(Scaffold_17;HRSCAF_18),40000001,41000000,6618,0.09811113888629679,0.625,0,0,208
sgC,chr_F_sg_C_(Scaffold_17;HRSCAF_18),17000001,18000000,10513,0.09807505899724836,0.5,0,0,209
sgC,chr_I_sg_C_(Scaffold_16;HRSCAF_17),18000001,19000000,6603,0.09800343530466413,0.6666666666666666,0,0,210
sgC,chr_F_sg_C_(Scaffold_17;HRSCAF_18),30000001,31000000,10429,0.09779368759855671,0.5166666666666666,0,0,211
sgC,chr_B_sg_C_(Scaffold_34;HRSCAF_35),15000001,16000000,6304,0.09709349713315572,0.4166666666666667,0,0,212
sgC,chr_B_sg_C_(Scaffold_34;HRSCAF_35),9000001,10000000,7331,0.0970932990984796,0.4166666666666667,0,0,213
sgC,chr_F_sg_C_(Scaffold_17;HRSCAF_18),23000001,24000000,9194,0.09625644097038634,0.6000000000000001,0,0,214
sgC,chr_B_sg_C_(Scaffold_34;HRSCAF_35),1,1000000,7055,0.09602076284216685,0.5238095238095237,0,0,215
sgC,chr_D_sg_C_(Scaffold_1;HRSCAF_2),5000001,6000000,6675,0.0958350916665524,0.5,0,0,216
sgC,chr_E_sg_C_(Scaffold_3;HRSCAF_4),15000001,16000000,9352,0.09577870981314386,0.6833333333333333,0,0,217
sgC,chr_F_sg_C_(Scaffold_17;HRSCAF_18),5000001,6000000,6297,0.09524861750921784,0.5,0,0,218
sgC,chr_B_sg_C_(Scaffold_34;HRSCAF_35),10000001,11000000,7087,0.0931380109629016,0.6,0,0,219
sgC,chr_F_sg_C_(Scaffold_17;HRSCAF_18),14000001,15000000,8305,0.0925649405781833,0.5,0,0,220
sgC,chr_E_sg_C_(Scaffold_3;HRSCAF_4),8000001,9000000,7105,0.09159512783721191,0.5833333333333334,0,0,221
sgC,chr_D_sg_C_(Scaffold_1;HRSCAF_2),2000001,3000000,6339,0.09157369159735529,0.5833333333333334,0,0,222
sgC,chr_F_sg_C_(Scaffold_17;HRSCAF_18),36000001,37000000,9432,0.09112160045684516,0.5833333333333334,0,0,223
sgC,chr_D_sg_C_(Scaffold_1;HRSCAF_2),4000001,5000000,6641,0.09062594911488206,0.5,0,0,224
sgC,chr_F_sg_C_(Scaffold_17;HRSCAF_18),35000001,36000000,13796,0.09051280639240605,0.5833333333333334,0,0,225
sgC,chr_B_sg_C_(Scaffold_34;HRSCAF_35),36000001,37000000,7144,0.09003268801001164,0.6,0,0,226
sgC,chr_E_sg_C_(Scaffold_3;HRSCAF_4),33000001,34000000,2471,0.08946114589578746,0.4166666666666667,0,0,227
sgC,chr_I_sg_C_(Scaffold_16;HRSCAF_17),6000001,7000000,7846,0.08930919747259335,0.6071428571428572,0,0,228
sgC,chr_E_sg_C_(Scaffold_3;HRSCAF_4),29000001,30000000,7003,0.08883795096489598,0.5,0,0,229
sgC,chr_H_sg_C_(Scaffold_12;HRSCAF_13),20000001,21000000,7828,0.08844062455457956,0.6666666666666667,0,0,230
sgC,chr_B_sg_C_(Scaffold_34;HRSCAF_35),34000001,35000000,8341,0.08834028371554338,0.6666666666666666,0,0,231
sgC,chr_B_sg_C_(Scaffold_34;HRSCAF_35),42000001,43000000,10055,0.08808614351006289,0.6000000000000001,0,0,232
sgC,chr_B_sg_C_(Scaffold_34;HRSCAF_35),12000001,13000000,7482,0.08801088424183899,0.5,0,0,233
sgC,chr_D_sg_C_(Scaffold_1;HRSCAF_2),1000001,2000000,5847,0.08793555085243292,0.4166666666666667,0,0,234
sgC,chr_E_sg_C_(Scaffold_3;HRSCAF_4),28000001,29000000,7830,0.08784932500449634,0.5833333333333334,0,0,235
sgC,chr_B_sg_C_(Scaffold_34;HRSCAF_35),43000001,44000000,10234,0.08724495896911967,0.6666666666666667,0,0,236
sgC,chr_C_sg_C_(Scaffold_8;HRSCAF_9),12000001,13000000,12071,0.08703085222843336,0.7166666666666666,0,0,237
sgC,chr_E_sg_C_(Scaffold_3;HRSCAF_4),30000001,31000000,8015,0.08687346548232613,0.5,0,0,238
sgC,chr_D_sg_C_(Scaffold_1;HRSCAF_2),3000001,4000000,7903,0.08674756746058764,0.5833333333333334,0,0,239
sgC,chr_C_sg_C_(Scaffold_8;HRSCAF_9),14000001,15000000,9412,0.08673983881963265,0.6428571428571429,0,0,240
sgC,chr_F_sg_C_(Scaffold_17;HRSCAF_18),31000001,32000000,7644,0.08655649324801772,0.5333333333333333,0,0,241
sgC,chr_F_sg_C_(Scaffold_17;HRSCAF_18),6000001,7000000,6057,0.08640047421622592,0.625,0,0,242
sgC,chr_E_sg_C_(Scaffold_3;HRSCAF_4),27000001,28000000,10354,0.08629201749251905,0.6833333333333333,0,0,243
sgC,chr_F_sg_C_(Scaffold_17;HRSCAF_18),37000001,38000000,8265,0.08623385890173518,0.6666666666666666,0,0,244
sgC,chr_F_sg_C_(Scaffold_17;HRSCAF_18),7000001,8000000,5962,0.08606176195492027,0.5,0,0,245
sgC,chr_H_sg_C_(Scaffold_12;HRSCAF_13),29000001,30000000,6491,0.08601891099195126,0.5,0,0,246
sgC,chr_C_sg_C_(Scaffold_8;HRSCAF_9),18000001,19000000,8320,0.08538741606950959,0.7142857142857143,0,0,247
sgC,chr_B_sg_C_(Scaffold_34;HRSCAF_35),37000001,38000000,7829,0.08527870881619824,0.5833333333333334,0,0,248
sgC,chr_F_sg_C_(Scaffold_17;HRSCAF_18),38000001,39000000,14243,0.08458922890397876,0.5,0,0,249
sgC,chr_B_sg_C_(Scaffold_34;HRSCAF_35),35000001,36000000,9663,0.0843797049478566,0.7333333333333334,0,0,250
sgC,chr_E_sg_C_(Scaffold_3;HRSCAF_4),26000001,27000000,10460,0.08401207221713837,0.5,0,0,251
sgC,chr_E_sg_C_(Scaffold_3;HRSCAF_4),17000001,18000000,9233,0.08385310580967521,0.5833333333333334,0,0,252
sgC,chr_B_sg_C_(Scaffold_34;HRSCAF_35),1000001,2000000,7667,0.08308935749264948,0.5,0,0,253
sgC,chr_H_sg_C_(Scaffold_12;HRSCAF_13),24000001,25000000,9132,0.08278704067140234,0.5833333333333334,0,0,254
sgC,chr_F_sg_C_(Scaffold_17;HRSCAF_18),16000001,17000000,11091,0.08251731287976596,0.5,0,0,255
sgC,chr_C_sg_C_(Scaffold_8;HRSCAF_9),13000001,14000000,10506,0.08211687893298382,0.5833333333333333,0,0,256
sgC,chr_C_sg_C_(Scaffold_8;HRSCAF_9),20000001,21000000,9030,0.08197030113974164,0.5916666666666667,0,0,257
sgC,chr_B_sg_C_(Scaffold_34;HRSCAF_35),33000001,34000000,8457,0.08108392533720707,0.5833333333333334,0,0,258
sgC,chr_F_sg_C_(Scaffold_17;HRSCAF_18),39000001,40000000,9482,0.07925264639037889,0.6794871794871795,0,0,259
sgC,chr_F_sg_C_(Scaffold_17;HRSCAF_18),21000001,22000000,10782,0.0792214898294473,0.6666666666666666,0,0,260
sgC,chr_B_sg_C_(Scaffold_34;HRSCAF_35),8000001,9000000,7179,0.0785131627902198,0.5,0,0,261
sgC,chr_J_sg_C_(Scaffold_7;HRSCAF_8),9000001,10000000,9483,0.07693291540966432,0.6499999999999999,0,0,262
sgC,chr_E_sg_C_(Scaffold_3;HRSCAF_4),18000001,19000000,10762,0.07644843696228035,0.7333333333333334,0,0,263
sgC,chr_H_sg_C_(Scaffold_12;HRSCAF_13),28000001,29000000,6576,0.07639841403527635,0.4666666666666667,0,0,264
sgC,chr_F_sg_C_(Scaffold_17;HRSCAF_18),3000001,4000000,7283,0.07533748918480551,0.5,0,0,265
sgC,chr_K_sg_C_(Scaffold_30;HRSCAF_31),1,1000000,9605,0.07495603823558146,0.5571428571428572,0,0,266
sgC,chr_J_sg_C_(Scaffold_7;HRSCAF_8),21000001,22000000,8452,0.07428054375818326,0.7,0,0,267
sgC,chr_B_sg_C_(Scaffold_34;HRSCAF_35),53000001,54000000,8096,0.07427604201628668,0.5833333333333334,0,0,268
sgC,chr_G_sg_C_(Scaffold_28;HRSCAF_29),13000001,14000000,9833,0.07325278369212418,0.5,0,0,269
sgC,chr_H_sg_C_(Scaffold_12;HRSCAF_13),18000001,19000000,9767,0.0728896133728729,0.5,0,0,270
sgC,chr_B_sg_C_(Scaffold_34;HRSCAF_35),29000001,30000000,12613,0.07276795260027581,0.5,0,0,271
sgC,chr_H_sg_C_(Scaffold_12;HRSCAF_13),9000001,10000000,7514,0.07262260519180982,0.5833333333333333,0,0,272
sgC,chr_B_sg_C_(Scaffold_34;HRSCAF_35),46000001,47000000,10091,0.07255517745558564,0.5,0,0,273
sgC,chr_C_sg_C_(Scaffold_8;HRSCAF_9),28000001,29000000,10596,0.07249486388784472,0.5,0,0,274
sgC,chr_G_sg_C_(Scaffold_28;HRSCAF_29),8000001,9000000,6455,0.0718843046960752,0.5333333333333333,0,0,275
sgC,chr_J_sg_C_(Scaffold_7;HRSCAF_8),25000001,26000000,8457,0.07185411844865539,0.5,0,0,276
sgC,chr_C_sg_C_(Scaffold_8;HRSCAF_9),24000001,25000000,12497,0.07183332124918368,0.625,0,0,277
sgC,chr_H_sg_C_(Scaffold_12;HRSCAF_13),12000001,13000000,8502,0.07122799963308059,0.6333333333333333,0,0,278
sgC,chr_C_sg_C_(Scaffold_8;HRSCAF_9),6000001,7000000,8628,0.07115469235601303,0.5833333333333334,0,0,279
sgC,chr_F_sg_C_(Scaffold_17;HRSCAF_18),20000001,21000000,10798,0.07089504771946163,0.5,0,0,280
sgC,chr_H_sg_C_(Scaffold_12;HRSCAF_13),7000001,8000000,8236,0.07086212011236476,0.5833333333333334,0,0,281
sgC,chr_F_sg_C_(Scaffold_17;HRSCAF_18),15000001,16000000,9131,0.0708275844186478,0.5,0,0,282
sgC,chr_H_sg_C_(Scaffold_12;HRSCAF_13),13000001,14000000,7729,0.07016862251045103,0.5166666666666667,0,0,283
sgC,chr_B_sg_C_(Scaffold_34;HRSCAF_35),27000001,28000000,10965,0.06931290475750362,0.6666666666666667,0,0,284
sgC,chr_C_sg_C_(Scaffold_8;HRSCAF_9),17000001,18000000,11255,0.06862851423713641,0.6666666666666666,0,0,285
sgC,chr_E_sg_C_(Scaffold_3;HRSCAF_4),6000001,7000000,8594,0.06858073952267604,0.6166666666666667,0,0,286
sgC,chr_B_sg_C_(Scaffold_34;HRSCAF_35),32000001,33000000,9659,0.06805490209828183,0.5,0,0,287
sgC,chr_B_sg_C_(Scaffold_34;HRSCAF_35),50000001,51000000,8361,0.06693253124899888,0.5,0,0,288
sgC,chr_B_sg_C_(Scaffold_34;HRSCAF_35),25000001,26000000,10070,0.06600862642818771,0.5,0,0,289
sgC,chr_H_sg_C_(Scaffold_12;HRSCAF_13),23000001,24000000,8474,0.06594006654190498,0.6166666666666667,0,0,290
sgC,chr_E_sg_C_(Scaffold_3;HRSCAF_4),24000001,25000000,11251,0.0658443510390044,0.5,0,0,291
sgC,chr_G_sg_C_(Scaffold_28;HRSCAF_29),10000001,11000000,7648,0.06537019683593691,0.6166666666666667,0,0,292
sgC,chr_B_sg_C_(Scaffold_34;HRSCAF_35),31000001,32000000,10237,0.06460119200912617,0.5,0,0,293
sgC,chr_G_sg_C_(Scaffold_28;HRSCAF_29),11000001,12000000,7203,0.0645746485917215,0.5476190476190477,0,0,294
sgC,chr_E_sg_C_(Scaffold_3;HRSCAF_4),3000001,4000000,10999,0.06457032035153079,0.5952380952380953,0,0,295
sgC,chr_C_sg_C_(Scaffold_8;HRSCAF_9),25000001,26000000,10832,0.06426678396074852,0.6666666666666666,0,0,296
sgC,chr_E_sg_C_(Scaffold_3;HRSCAF_4),2000001,3000000,8633,0.06409279164404742,0.6666666666666667,0,0,297
sgC,chr_B_sg_C_(Scaffold_34;HRSCAF_35),45000001,46000000,10095,0.06399934471999982,0.625,0,0,298
sgC,chr_B_sg_C_(Scaffold_34;HRSCAF_35),47000001,48000000,11269,0.0639256851942061,0.7,0,0,299
sgC,chr_B_sg_C_(Scaffold_34;HRSCAF_35),41000001,42000000,9454,0.06348267943888812,0.6666666666666666,0,0,300
sgC,chr_C_sg_C_(Scaffold_8;HRSCAF_9),29000001,30000000,11376,0.06272762048078664,0.5705128205128205,0,0,301
sgC,chr_E_sg_C_(Scaffold_3;HRSCAF_4),19000001,20000000,9363,0.06262446389809463,0.5,0,0,302
sgC,chr_F_sg_C_(Scaffold_17;HRSCAF_18),1,1000000,6145,0.06262053650173904,0.5833333333333334,0,0,303
sgC,chr_H_sg_C_(Scaffold_12;HRSCAF_13),8000001,9000000,9911,0.06244158676557141,0.5833333333333334,0,0,304
sgC,chr_I_sg_C_(Scaffold_16;HRSCAF_17),1,1000000,5942,0.06226788189931708,0.6499999999999999,0,0,305
sgC,chr_B_sg_C_(Scaffold_34;HRSCAF_35),52000001,53000000,8869,0.06149383277300529,0.5666666666666667,0,0,306
sgC,chr_G_sg_C_(Scaffold_28;HRSCAF_29),9000001,10000000,8421,0.06148629603385257,0.5,0,0,307
sgC,chr_I_sg_C_(Scaffold_16;HRSCAF_17),1000001,2000000,6687,0.06144849492763337,0.6666666666666666,0,0,308
sgC,chr_K_sg_C_(Scaffold_30;HRSCAF_31),19000001,20000000,10879,0.06111605785518882,0.5,0,0,309
sgC,chr_B_sg_C_(Scaffold_34;HRSCAF_35),16000001,17000000,6314,0.060948587100787,0.5333333333333333,0,0,310
sgC,chr_H_sg_C_(Scaffold_12;HRSCAF_13),16000001,17000000,8478,0.06076934290840733,0.6309523809523809,0,0,311
sgC,chr_K_sg_C_(Scaffold_30;HRSCAF_31),20000001,21000000,13475,0.06056928291251497,0.6000000000000001,0,0,312
sgC,chr_E_sg_C_(Scaffold_3;HRSCAF_4),23000001,24000000,9673,0.05973688859815231,0.6000000000000001,0,0,313
sgC,chr_E_sg_C_(Scaffold_3;HRSCAF_4),20000001,21000000,11548,0.05962514734813139,0.5,0,0,314
sgC,chr_F_sg_C_(Scaffold_17;HRSCAF_18),1000001,2000000,6266,0.05952499330650967,0.5,0,0,315
sgC,chr_B_sg_C_(Scaffold_34;HRSCAF_35),17000001,18000000,6550,0.05869045839656325,0.5,0,0,316
sgC,chr_B_sg_C_(Scaffold_34;HRSCAF_35),20000001,21000000,6074,0.05850296120299243,0.4166666666666667,0,0,317
sgC,chr_B_sg_C_(Scaffold_34;HRSCAF_35),19000001,20000000,5931,0.05848394145055635,0.5,0,0,318
sgC,chr_B_sg_C_(Scaffold_34;HRSCAF_35),21000001,22000000,8026,0.05832865496770129,0.5,0,0,319
sgC,chr_J_sg_C_(Scaffold_7;HRSCAF_8),22000001,23000000,8679,0.05818382754089375,0.5641025641025641,0,0,320
sgC,chr_B_sg_C_(Scaffold_34;HRSCAF_35),26000001,27000000,7788,0.05816207097986442,0.5214285714285714,0,0,321
sgC,chr_B_sg_C_(Scaffold_34;HRSCAF_35),28000001,29000000,11130,0.05810611894843827,0.5,0,0,322
sgC,chr_H_sg_C_(Scaffold_12;HRSCAF_13),19000001,20000000,7683,0.05804023517806917,0.5,0,0,323
sgC,chr_E_sg_C_(Scaffold_3;HRSCAF_4),1000001,2000000,8934,0.05799251211440424,0.5535714285714286,0,0,324
sgC,chr_B_sg_C_(Scaffold_34;HRSCAF_35),18000001,19000000,5850,0.057590060936214,0.5,0,0,325
sgC,chr_B_sg_C_(Scaffold_34;HRSCAF_35),24000001,25000000,9972,0.05745777821589944,0.7,0,0,326
sgC,chr_B_sg_C_(Scaffold_34;HRSCAF_35),58000001,59000000,2362,0.05721547363164557,0.4333333333333333,0,0,327
sgC,chr_I_sg_C_(Scaffold_16;HRSCAF_17),5000001,6000000,8998,0.05714014906335163,0.7115384615384616,0,0,328
sgC,chr_H_sg_C_(Scaffold_12;HRSCAF_13),4000001,5000000,12301,0.05700872915124057,0.6,0,0,329
sgC,chr_K_sg_C_(Scaffold_30;HRSCAF_31),22000001,23000000,8605,0.05643968079180069,0.5,0,0,330
sgC,chr_B_sg_C_(Scaffold_34;HRSCAF_35),5000001,6000000,6777,0.05638466348957556,0.5,0,0,331
sgC,chr_G_sg_C_(Scaffold_28;HRSCAF_29),14000001,15000000,8915,0.05601236521314859,0.5,0,0,332
sgC,chr_J_sg_C_(Scaffold_7;HRSCAF_8),24000001,25000000,9351,0.05600444541734069,0.5,0,0,333
sgC,chr_J_sg_C_(Scaffold_7;HRSCAF_8),23000001,24000000,8392,0.05595747000060399,0.5,0,0,334
sgC,chr_F_sg_C_(Scaffold_17;HRSCAF_18),11000001,12000000,7485,0.05592284357815139,0.5,0,0,335
sgC,chr_B_sg_C_(Scaffold_34;HRSCAF_35),2000001,3000000,6307,0.05585754555153591,0.4666666666666667,0,0,336
sgC,chr_B_sg_C_(Scaffold_34;HRSCAF_35),54000001,55000000,7306,0.05585303463759299,0.6547619047619048,0,0,337
sgC,chr_I_sg_C_(Scaffold_16;HRSCAF_17),2000001,3000000,7095,0.05556694773396522,0.5166666666666666,0,0,338
sgC,chr_H_sg_C_(Scaffold_12;HRSCAF_13),3000001,4000000,11163,0.05545747960421533,0.6333333333333333,0,0,339
sgC,chr_K_sg_C_(Scaffold_30;HRSCAF_31),23000001,24000000,7932,0.05507912235408109,0.6230769230769231,0,0,340
sgC,chr_H_sg_C_(Scaffold_12;HRSCAF_13),21000001,22000000,9474,0.05438922224070804,0.5,0,0,341
sgC,chr_G_sg_C_(Scaffold_28;HRSCAF_29),1000001,2000000,5961,0.05396682247462283,0.5,0,0,342
sgC,chr_B_sg_C_(Scaffold_34;HRSCAF_35),3000001,4000000,6584,0.05367072300927022,0.5166666666666666,0,0,343
sgC,chr_B_sg_C_(Scaffold_34;HRSCAF_35),6000001,7000000,7646,0.05350969183692014,0.5,0,0,344
sgC,chr_K_sg_C_(Scaffold_30;HRSCAF_31),25000001,26000000,6549,0.0533580050529179,0.4166666666666667,0,0,345
sgC,chr_I_sg_C_(Scaffold_16;HRSCAF_17),4000001,5000000,10881,0.05305661314759898,0.6000000000000001,0,0,346
sgC,chr_I_sg_C_(Scaffold_16;HRSCAF_17),3000001,4000000,6708,0.05301711680289374,0.6547619047619048,0,0,347
sgC,chr_B_sg_C_(Scaffold_34;HRSCAF_35),56000001,57000000,6958,0.05284544429413596,0.5,0,0,348
sgC,chr_B_sg_C_(Scaffold_34;HRSCAF_35),7000001,8000000,6589,0.05262972975827593,0.55,0,0,349
sgC,chr_B_sg_C_(Scaffold_34;HRSCAF_35),4000001,5000000,7051,0.05250850057614919,0.5,0,0,350
sgC,chr_J_sg_C_(Scaffold_7;HRSCAF_8),8000001,9000000,9627,0.05190585962633051,0.5,0,0,351
sgC,chr_H_sg_C_(Scaffold_12;HRSCAF_13),15000001,16000000,11106,0.0512371729956799,0.5,0,0,352
sgC,chr_B_sg_C_(Scaffold_34;HRSCAF_35),23000001,24000000,7073,0.05094969242077956,0.5833333333333334,0,0,353
sgC,chr_K_sg_C_(Scaffold_30;HRSCAF_31),21000001,22000000,11382,0.0501521497304327,0.5,0,0,354
sgC,chr_B_sg_C_(Scaffold_34;HRSCAF_35),44000001,45000000,7598,0.04980680568006083,0.5,0,0,355
sgC,chr_B_sg_C_(Scaffold_34;HRSCAF_35),22000001,23000000,7938,0.04966149161160414,0.5,0,0,356
sgC,chr_K_sg_C_(Scaffold_30;HRSCAF_31),26000001,27000000,5838,0.04962115294206767,0.6666666666666666,0,0,357
sgC,chr_F_sg_C_(Scaffold_17;HRSCAF_18),2000001,3000000,5954,0.04954800685821928,0.5833333333333334,0,0,358
sgC,chr_C_sg_C_(Scaffold_8;HRSCAF_9),2000001,3000000,5557,0.049173484124898,0.5,0,0,359
sgC,chr_F_sg_C_(Scaffold_17;HRSCAF_18),9000001,10000000,6622,0.04910958366107816,0.5,0,0,360
sgC,chr_K_sg_C_(Scaffold_30;HRSCAF_31),24000001,25000000,6061,0.04882843466823072,0.5166666666666666,0,0,361
sgC,chr_C_sg_C_(Scaffold_8;HRSCAF_9),1000001,2000000,6178,0.04855676723190518,0.5,0,0,362
sgC,chr_B_sg_C_(Scaffold_34;HRSCAF_35),57000001,58000000,6452,0.04813985740442681,0.4333333333333333,0,0,363
sgC,chr_C_sg_C_(Scaffold_8;HRSCAF_9),3000001,4000000,8207,0.04699965800550523,0.5666666666666667,0,0,364
sgC,chr_K_sg_C_(Scaffold_30;HRSCAF_31),27000001,28000000,6481,0.04677564373598957,0.5,0,0,365
sgC,chr_C_sg_C_(Scaffold_8;HRSCAF_9),1,1000000,5093,0.04629482533959375,0.5666666666666667,0,0,366
sgC,chr_E_sg_C_(Scaffold_3;HRSCAF_4),22000001,23000000,9111,0.04629181413837176,0.7,0,0,367
sgC,chr_J_sg_C_(Scaffold_7;HRSCAF_8),7000001,8000000,9212,0.0400268442658798,0.6666666666666666,0,0,368
sgC,chr_J_sg_C_(Scaffold_7;HRSCAF_8),5000001,6000000,12480,0.02003643792105358,0.5,0,0,369
sgC,chr_J_sg_C_(Scaffold_7;HRSCAF_8),6000001,7000000,15081,0.01580359885014761,0.6666666666666667,0,0,370
sgC,chr_J_sg_C_(Scaffold_7;HRSCAF_8),4000001,5000000,13677,0.01547069342638568,0.4166666666666667,0,0,371
sgC,chr_J_sg_C_(Scaffold_7;HRSCAF_8),1,1000000,11860,0.01411633125166005,0.6333333333333333,0,0,372
sgC,chr_J_sg_C_(Scaffold_7;HRSCAF_8),3000001,4000000,14770,0.0127217219701987,0.6666666666666666,0,0,373
sgC,chr_J_sg_C_(Scaffold_7;HRSCAF_8),1000001,2000000,12898,0.01094157690141551,0.5,0,0,374
sgC,chr_J_sg_C_(Scaffold_7;HRSCAF_8),2000001,3000000,14194,0.009767002817763652,0.5,0,0,375
sgE,chr_D_sg_E_(Scaffold_2;HRSCAF_3),11000001,12000000,14588,0.2136739328900699,1.0,1632,538,1
sgE,chr_D_sg_E_(Scaffold_2;HRSCAF_3),29000001,30000000,14288,0.09682155109261711,1.0,106,58,2
sgE,chr_A_sg_E_(Scaffold_19;HRSCAF_20),3000001,4000000,17360,0.1588846477383287,0.9166666666666666,136,57,3
sgE,chr_J_sg_E_(Scaffold_5;HRSCAF_6),17000001,18000000,8549,0.07155194787666709,0.9166666666666666,28,18,4
sgE,chr_D_sg_E_(Scaffold_2;HRSCAF_3),21000001,22000000,6295,0.1095955364025271,1.0,22,13,5
sgE,chr_D_sg_E_(Scaffold_2;HRSCAF_3),28000001,29000000,12060,0.1058582020522295,0.9166666666666666,12,7,6
sgE,chr_D_sg_E_(Scaffold_2;HRSCAF_3),14000001,15000000,15090,0.0816465757569148,1.0,9,7,7
sgE,chr_D_sg_E_(Scaffold_2;HRSCAF_3),10000001,11000000,16583,0.1373808367823342,1.0,41,5,8
sgE,chr_D_sg_E_(Scaffold_2;HRSCAF_3),12000001,13000000,18292,0.100047364831149,1.0,12,4,9
sgE,chr_D_sg_E_(Scaffold_2;HRSCAF_3),19000001,20000000,8537,0.122016474798482,0.9166666666666666,10,4,10
sgE,chr_I_sg_E_(Scaffold_15;HRSCAF_16),13000001,14000000,7985,0.09405969352431492,0.9583333333333334,5,4,11
sgE,chr_I_sg_E_(Scaffold_15;HRSCAF_16),3000001,4000000,11988,0.03615633198966565,0.9166666666666666,4,4,12
sgE,chr_K_sg_E_(Scaffold_31;HRSCAF_32),2000001,3000000,13598,0.07843629075244227,1.0,6,3,13
sgE,chr_E_sg_E_(Scaffold_4;HRSCAF_5),17000001,18000000,10804,0.04518222968565318,0.9166666666666666,4,3,14
sgE,chr_H_sg_E_(Scaffold_11;HRSCAF_12),25000001,26000000,13189,0.02312389003571042,0.9615384615384616,4,3,15
sgE,chr_G_sg_E_(Scaffold_25;HRSCAF_26),33000001,34000000,10384,0.05610328696085679,0.9166666666666666,5,2,16
sgE,chr_D_sg_E_(Scaffold_2;HRSCAF_3),18000001,19000000,10820,0.1124212419845463,0.9166666666666666,4,2,17
sgE,chr_B_sg_E_(Scaffold_35;HRSCAF_36),57000001,58000000,14882,0.03503044406652735,0.9166666666666666,4,2,18
sgE,chr_D_sg_E_(Scaffold_2;HRSCAF_3),16000001,17000000,14384,0.0523324492526388,0.9166666666666666,3,2,19
sgE,chr_H_sg_E_(Scaffold_11;HRSCAF_12),26000001,27000000,13583,0.03182497090138896,0.9166666666666666,3,2,20
sgE,chr_B_sg_E_(Scaffold_35;HRSCAF_36),49000001,50000000,11072,0.0558045308496897,0.9,10,1,21
sgE,chr_E_sg_E_(Scaffold_4;HRSCAF_5),27000001,28000000,14151,0.05031257226508627,1.0,9,1,22
sgE,chr_D_sg_E_(Scaffold_2;HRSCAF_3),30000001,31000000,15058,0.1070894981407645,0.9166666666666666,3,1,23
sgE,chr_K_sg_E_(Scaffold_31;HRSCAF_32),14000001,15000000,7657,0.07163455477090126,0.9166666666666666,3,1,24
sgE,chr_C_sg_E_(Scaffold_9;HRSCAF_10),31000001,32000000,7113,0.05553268723871839,0.9166666666666666,3,1,25
sgE,chr_A_sg_E_(Scaffold_19;HRSCAF_20),11000001,12000000,12349,0.09388006047451967,0.9166666666666666,2,1,26
sgE,chr_D_sg_E_(Scaffold_2;HRSCAF_3),25000001,26000000,7067,0.0715479676212667,0.9666666666666667,2,1,27
sgE,chr_B_sg_E_(Scaffold_35;HRSCAF_36),32000001,33000000,15666,0.04440295012872807,0.9166666666666666,2,1,28
sgE,chr_B_sg_E_(Scaffold_35;HRSCAF_36),34000001,35000000,9694,0.05183046442588308,0.9166666666666666,1,1,29
sgE,chr_B_sg_E_(Scaffold_35;HRSCAF_36),35000001,36000000,13379,0.04698161108393628,1.0,1,1,30
sgE,chr_C_sg_E_(Scaffold_9;HRSCAF_10),30000001,31000000,17059,0.03921558035662195,0.9166666666666666,1,1,31
sgE,chr_B_sg_E_(Scaffold_35;HRSCAF_36),64000001,65000000,10282,0.02432050216528033,0.9166666666666666,1,1,32
sgE,chr_B_sg_E_(Scaffold_35;HRSCAF_36),23000001,24000000,12554,0.03499692826600592,0.8333333333333334,33,0,33
sgE,chr_D_sg_E_(Scaffold_2;HRSCAF_3),31000001,32000000,15759,0.09430980503938713,0.8333333333333334,15,0,34
sgE,chr_D_sg_E_(Scaffold_2;HRSCAF_3),33000001,34000000,10939,0.05946261435794285,0.8333333333333334,12,0,35
sgE,chr_A_sg_E_(Scaffold_19;HRSCAF_20),6000001,7000000,12753,0.09076922776640421,0.8333333333333334,10,0,36
sgE,chr_F_sg_E_(Scaffold_24;HRSCAF_25),17000001,18000000,8498,0.0845931917772344,0.8333333333333334,10,0,37
sgE,chr_D_sg_E_(Scaffold_2;HRSCAF_3),32000001,33000000,15843,0.1188514682313203,0.8333333333333334,8,0,38
sgE,chr_G_sg_E_(Scaffold_25;HRSCAF_26),14000001,15000000,14341,0.06029409677168076,0.8333333333333334,8,0,39
sgE,chr_F_sg_E_(Scaffold_24;HRSCAF_25),33000001,34000000,9500,0.08736246735720396,0.75,6,0,40
sgE,chr_A_sg_E_(Scaffold_19;HRSCAF_20),18000001,19000000,9361,0.07034196041113089,0.8214285714285714,6,0,41
sgE,chr_G_sg_E_(Scaffold_25;HRSCAF_26),27000001,28000000,10075,0.1272430796388583,0.7857142857142857,5,0,42
sgE,chr_G_sg_E_(Scaffold_25;HRSCAF_26),19000001,20000000,11646,0.1108566908219142,0.8333333333333334,3,0,43
sgE,chr_E_sg_E_(Scaffold_4;HRSCAF_5),13000001,14000000,8245,0.0611087073427895,0.8333333333333334,3,0,44
sgE,chr_D_sg_E_(Scaffold_2;HRSCAF_3),26000001,27000000,12030,0.06055951252958807,0.8642857142857143,3,0,45
sgE,chr_H_sg_E_(Scaffold_11;HRSCAF_12),19000001,20000000,11969,0.05782404300242111,0.8333333333333334,3,0,46
sgE,chr_H_sg_E_(Scaffold_11;HRSCAF_12),17000001,18000000,10430,0.05203311788882234,0.8333333333333334,3,0,47
sgE,chr_A_sg_E_(Scaffold_19;HRSCAF_20),1,1000000,13779,0.1105652666152314,0.7692307692307693,2,0,48
sgE,chr_E_sg_E_(Scaffold_4;HRSCAF_5),14000001,15000000,6618,0.0851195793058893,0.75,2,0,49
sgE,chr_F_sg_E_(Scaffold_24;HRSCAF_25),31000001,32000000,9751,0.07677091393889719,0.75,2,0,50
sgE,chr_K_sg_E_(Scaffold_31;HRSCAF_32),17000001,18000000,14566,0.07243487857589305,0.8333333333333334,2,0,51
sgE,chr_B_sg_E_(Scaffold_35;HRSCAF_36),45000001,46000000,8943,0.06798254859308277,0.8833333333333333,2,0,52
sgE,chr_B_sg_E_(Scaffold_35;HRSCAF_36),42000001,43000000,8550,0.06722564277827514,0.8,2,0,53
sgE,chr_A_sg_E_(Scaffold_19;HRSCAF_20),21000001,22000000,13086,0.05890251914438,0.75,2,0,54
sgE,chr_F_sg_E_(Scaffold_24;HRSCAF_25),30000001,31000000,8650,0.05770022944300496,0.8333333333333334,2,0,55
sgE,chr_E_sg_E_(Scaffold_4;HRSCAF_5),36000001,37000000,11970,0.0548085102032474,0.75,2,0,56
sgE,chr_C_sg_E_(Scaffold_9;HRSCAF_10),36000001,37000000,10325,0.05061857109798934,0.8333333333333334,2,0,57
sgE,chr_C_sg_E_(Scaffold_9;HRSCAF_10),33000001,34000000,12542,0.02961013233298328,0.8,2,0,58
sgE,chr_B_sg_E_(Scaffold_35;HRSCAF_36),10000001,11000000,14661,0.02365282104385841,0.8,2,0,59
sgE,chr_K_sg_E_(Scaffold_31;HRSCAF_32),7000001,8000000,11325,0.1560334148314199,0.8666666666666667,1,0,60
sgE,chr_A_sg_E_(Scaffold_19;HRSCAF_20),26000001,27000000,14088,0.1410989883200233,0.8,1,0,61
sgE,chr_A_sg_E_(Scaffold_19;HRSCAF_20),7000001,8000000,14804,0.1299988593321525,0.7928571428571429,1,0,62
sgE,chr_A_sg_E_(Scaffold_19;HRSCAF_20),23000001,24000000,12581,0.123553723519938,0.7666666666666667,1,0,63
sgE,chr_D_sg_E_(Scaffold_2;HRSCAF_3),9000001,10000000,14286,0.1135582521449763,0.7666666666666667,1,0,64
sgE,chr_A_sg_E_(Scaffold_19;HRSCAF_20),12000001,13000000,8169,0.1111400956057598,0.7916666666666666,1,0,65
sgE,chr_K_sg_E_(Scaffold_31;HRSCAF_32),6000001,7000000,10722,0.110448836071387,0.8,1,0,66
sgE,chr_A_sg_E_(Scaffold_19;HRSCAF_20),4000001,5000000,13605,0.1091819040937004,0.75,1,0,67
sgE,chr_K_sg_E_(Scaffold_31;HRSCAF_32),20000001,21000000,11529,0.09956974892571965,0.775,1,0,68
sgE,chr_D_sg_E_(Scaffold_2;HRSCAF_3),22000001,23000000,9528,0.08504357383450514,0.75,1,0,69
sgE,chr_J_sg_E_(Scaffold_5;HRSCAF_6),20000001,21000000,8148,0.08157673409882528,0.8333333333333334,1,0,70
sgE,chr_A_sg_E_(Scaffold_19;HRSCAF_20),19000001,20000000,9972,0.07885522770450588,0.8,1,0,71
sgE,chr_D_sg_E_(Scaffold_2;HRSCAF_3),15000001,16000000,14358,0.06528496344626743,0.8333333333333334,1,0,72
sgE,chr_D_sg_E_(Scaffold_2;HRSCAF_3),27000001,28000000,16087,0.06502104758616169,0.8333333333333334,1,0,73
sgE,chr_E_sg_E_(Scaffold_4;HRSCAF_5),12000001,13000000,8003,0.05893388651416871,0.75,1,0,74
sgE,chr_C_sg_E_(Scaffold_9;HRSCAF_10),11000001,12000000,12948,0.05892729923081982,0.7692307692307693,1,0,75
sgE,chr_E_sg_E_(Scaffold_4;HRSCAF_5),23000001,24000000,11250,0.05783062271062363,0.8,1,0,76
sgE,chr_C_sg_E_(Scaffold_9;HRSCAF_10),25000001,26000000,11092,0.05571483526090462,0.7666666666666667,1,0,77
sgE,chr_C_sg_E_(Scaffold_9;HRSCAF_10),29000001,30000000,9257,0.05463686775937027,0.8333333333333334,1,0,78
sgE,chr_H_sg_E_(Scaffold_11;HRSCAF_12),20000001,21000000,9555,0.05346732545319636,0.8,1,0,79
sgE,chr_D_sg_E_(Scaffold_2;HRSCAF_3),6000001,7000000,15013,0.05178690179023275,0.8,1,0,80
sgE,chr_F_sg_E_(Scaffold_24;HRSCAF_25),41000001,42000000,15108,0.05161391318063441,0.75,1,0,81
sgE,chr_E_sg_E_(Scaffold_4;HRSCAF_5),9000001,10000000,8263,0.05105304605032326,0.8333333333333334,1,0,82
sgE,chr_J_sg_E_(Scaffold_5;HRSCAF_6),13000001,14000000,9850,0.05067155602434716,0.7666666666666666,1,0,83
sgE,chr_H_sg_E_(Scaffold_11;HRSCAF_12),6000001,7000000,9927,0.04919488020122631,0.75,1,0,84
sgE,chr_H_sg_E_(Scaffold_11;HRSCAF_12),8000001,9000000,12822,0.04857039830132944,0.75,1,0,85
sgE,chr_H_sg_E_(Scaffold_11;HRSCAF_12),10000001,11000000,12814,0.0475585889839816,0.75,1,0,86
sgE,chr_B_sg_E_(Scaffold_35;HRSCAF_36),13000001,14000000,14192,0.04286563035329962,0.8333333333333334,1,0,87
sgE,chr_E_sg_E_(Scaffold_4;HRSCAF_5),29000001,30000000,15370,0.03670741262641054,0.75,1,0,88
sgE,chr_C_sg_E_(Scaffold_9;HRSCAF_10),5000001,6000000,13765,0.02490175643462978,0.8452380952380952,1,0,89
sgE,chr_B_sg_E_(Scaffold_35;HRSCAF_36),61000001,62000000,10624,0.02464894543207828,0.75,1,0,90
sgE,chr_D_sg_E_(Scaffold_2;HRSCAF_3),17000001,18000000,11768,0.1937303158262566,0.55,0,0,91
sgE,chr_D_sg_E_(Scaffold_2;HRSCAF_3),20000001,21000000,9764,0.1549667789195616,0.5833333333333334,0,0,92
sgE,chr_G_sg_E_(Scaffold_25;HRSCAF_26),20000001,21000000,13057,0.1534762479102668,0.675,0,0,93
sgE,chr_A_sg_E_(Scaffold_19;HRSCAF_20),5000001,6000000,14828,0.1511797835965004,0.5,0,0,94
sgE,chr_D_sg_E_(Scaffold_2;HRSCAF_3),23000001,24000000,7825,0.1414642152309872,0.592857142857143,0,0,95
sgE,chr_A_sg_E_(Scaffold_19;HRSCAF_20),13000001,14000000,8095,0.1322669115936546,0.5,0,0,96
sgE,chr_A_sg_E_(Scaffold_19;HRSCAF_20),2000001,3000000,11868,0.1251800938921784,0.7166666666666666,0,0,97
sgE,chr_A_sg_E_(Scaffold_19;HRSCAF_20),17000001,18000000,9959,0.1193943085398027,0.6666666666666666,0,0,98
sgE,chr_A_sg_E_(Scaffold_19;HRSCAF_20),1000001,2000000,15451,0.1182267960000724,0.6333333333333333,0,0,99
sgE,chr_G_sg_E_(Scaffold_25;HRSCAF_26),31000001,32000000,12049,0.1178316827997289,0.5,0,0,100
sgE,chr_A_sg_E_(Scaffold_19;HRSCAF_20),8000001,9000000,12285,0.117405800006533,0.6666666666666666,0,0,101
sgE,chr_K_sg_E_(Scaffold_31;HRSCAF_32),10000001,11000000,11918,0.1112833096030759,0.5,0,0,102
sgE,chr_G_sg_E_(Scaffold_25;HRSCAF_26),24000001,25000000,15798,0.1089934082670451,0.6666666666666666,0,0,103
sgE,chr_A_sg_E_(Scaffold_19;HRSCAF_20),16000001,17000000,9962,0.1057998984218609,0.6666666666666666,0,0,104
sgE,chr_A_sg_E_(Scaffold_19;HRSCAF_20),14000001,15000000,8226,0.1030481340929915,0.5833333333333334,0,0,105
sgE,chr_G_sg_E_(Scaffold_25;HRSCAF_26),25000001,26000000,19715,0.1020179748394266,0.5,0,0,106
sgE,chr_G_sg_E_(Scaffold_25;HRSCAF_26),29000001,30000000,8806,0.1003635842921562,0.5,0,0,107
sgE,chr_A_sg_E_(Scaffold_19;HRSCAF_20),15000001,16000000,8656,0.09991356071531715,0.55,0,0,108
sgE,chr_H_sg_E_(Scaffold_11;HRSCAF_12),14000001,15000000,11355,0.09686419774266436,0.5833333333333334,0,0,109
sgE,chr_K_sg_E_(Scaffold_31;HRSCAF_32),5000001,6000000,12056,0.0961068073709072,0.625,0,0,110
sgE,chr_G_sg_E_(Scaffold_25;HRSCAF_26),28000001,29000000,17159,0.09597245519210754,0.6333333333333333,0,0,111
sgE,chr_I_sg_E_(Scaffold_15;HRSCAF_16),17000001,18000000,8533,0.0956954341022086,0.6666666666666666,0,0,112
sgE,chr_A_sg_E_(Scaffold_19;HRSCAF_20),22000001,23000000,10658,0.09346003967884163,0.6,0,0,113
sgE,chr_D_sg_E_(Scaffold_2;HRSCAF_3),13000001,14000000,12880,0.09278037244845948,0.5833333333333334,0,0,114
sgE,chr_K_sg_E_(Scaffold_31;HRSCAF_32),19000001,20000000,11718,0.092538898491282,0.5,0,0,115
sgE,chr_G_sg_E_(Scaffold_25;HRSCAF_26),30000001,31000000,10070,0.09185325680608719,0.6,0,0,116
sgE,chr_C_sg_E_(Scaffold_9;HRSCAF_10),10000001,11000000,15047,0.09070991543992844,0.7424242424242424,0,0,117
sgE,chr_I_sg_E_(Scaffold_15;HRSCAF_16),7000001,8000000,12922,0.09007374248822904,0.5166666666666666,0,0,118
sgE,chr_G_sg_E_(Scaffold_25;HRSCAF_26),32000001,33000000,10650,0.08968692965876084,0.5833333333333334,0,0,119
sgE,chr_I_sg_E_(Scaffold_15;HRSCAF_16),12000001,13000000,9376,0.08923231028073227,0.6666666666666666,0,0,120
sgE,chr_K_sg_E_(Scaffold_31;HRSCAF_32),8000001,9000000,9552,0.08896704217056162,0.5,0,0,121
sgE,chr_H_sg_E_(Scaffold_11;HRSCAF_12),13000001,14000000,10252,0.08683226400988736,0.6666666666666667,0,0,122
sgE,chr_F_sg_E_(Scaffold_24;HRSCAF_25),29000001,30000000,10526,0.08658498303900186,0.6666666666666666,0,0,123
sgE,chr_G_sg_E_(Scaffold_25;HRSCAF_26),34000001,35000000,133,0.0863436062684183,0.5,0,0,124
sgE,chr_F_sg_E_(Scaffold_24;HRSCAF_25),34000001,35000000,9188,0.08528704824416633,0.6666666666666666,0,0,125
sgE,chr_I_sg_E_(Scaffold_15;HRSCAF_16),15000001,16000000,8205,0.08473300617724804,0.6,0,0,126
sgE,chr_I_sg_E_(Scaffold_15;HRSCAF_16),10000001,11000000,9961,0.08444252013421792,0.5833333333333334,0,0,127
sgE,chr_A_sg_E_(Scaffold_19;HRSCAF_20),24000001,25000000,13938,0.08325230376995213,0.6309523809523809,0,0,128
sgE,chr_G_sg_E_(Scaffold_25;HRSCAF_26),21000001,22000000,10196,0.08086034045724136,0.6,0,0,129
sgE,chr_G_sg_E_(Scaffold_25;HRSCAF_26),1,1000000,14356,0.08078742273330305,0.55,0,0,130
sgE,chr_K_sg_E_(Scaffold_31;HRSCAF_32),13000001,14000000,6806,0.07939984763008676,0.6545454545454545,0,0,131
sgE,chr_K_sg_E_(Scaffold_31;HRSCAF_32),12000001,13000000,7980,0.07845839519711795,0.5,0,0,132
sgE,chr_J_sg_E_(Scaffold_5;HRSCAF_6),21000001,22000000,7477,0.07829155820328834,0.6499999999999999,0,0,133
sgE,chr_K_sg_E_(Scaffold_31;HRSCAF_32),18000001,19000000,18153,0.07808996597213134,0.6666666666666666,0,0,134
sgE,chr_F_sg_E_(Scaffold_24;HRSCAF_25),32000001,33000000,9535,0.07750562843903303,0.6666666666666666,0,0,135
sgE,chr_A_sg_E_(Scaffold_19;HRSCAF_20),25000001,26000000,13153,0.07643057859548419,0.6785714285714286,0,0,136
sgE,chr_I_sg_E_(Scaffold_15;HRSCAF_16),16000001,17000000,8703,0.07613932947438656,0.5833333333333334,0,0,137
sgE,chr_I_sg_E_(Scaffold_15;HRSCAF_16),14000001,15000000,8323,0.07567142947564737,0.5357142857142857,0,0,138
sgE,chr_A_sg_E_(Scaffold_19;HRSCAF_20),9000001,10000000,11821,0.07457318504184231,0.7,0,0,139
sgE,chr_K_sg_E_(Scaffold_31;HRSCAF_32),16000001,17000000,13866,0.07427500140611479,0.6090909090909091,0,0,140
sgE,chr_K_sg_E_(Scaffold_31;HRSCAF_32),3000001,4000000,14454,0.07414981932416741,0.625,0,0,141
sgE,chr_K_sg_E_(Scaffold_31;HRSCAF_32),11000001,12000000,10542,0.07369447570073723,0.5,0,0,142
sgE,chr_I_sg_E_(Scaffold_15;HRSCAF_16),31000001,32000000,1190,0.07325099270477357,0.675,0,0,143
sgE,chr_F_sg_E_(Scaffold_24;HRSCAF_25),35000001,36000000,9021,0.07268136013563387,0.5,0,0,144
sgE,chr_H_sg_E_(Scaffold_11;HRSCAF_12),12000001,13000000,8253,0.07209989412824819,0.625,0,0,145
sgE,chr_C_sg_E_(Scaffold_9;HRSCAF_10),19000001,20000000,8045,0.07191131118725962,0.5,0,0,146
sgE,chr_B_sg_E_(Scaffold_35;HRSCAF_36),44000001,45000000,9189,0.07186299118228653,0.6166666666666667,0,0,147
sgE,chr_I_sg_E_(Scaffold_15;HRSCAF_16),11000001,12000000,9190,0.07153458800901737,0.6666666666666666,0,0,148
sgE,chr_A_sg_E_(Scaffold_19;HRSCAF_20),27000001,28000000,13069,0.07138057761862406,0.6,0,0,149
sgE,chr_F_sg_E_(Scaffold_24;HRSCAF_25),20000001,21000000,11334,0.07111641446607142,0.6000000000000001,0,0,150
sgE,chr_D_sg_E_(Scaffold_2;HRSCAF_3),7000001,8000000,13637,0.07096349484154707,0.6666666666666666,0,0,151
sgE,chr_E_sg_E_(Scaffold_4;HRSCAF_5),7000001,8000000,9692,0.06997104645938691,0.6333333333333334,0,0,152
sgE,chr_I_sg_E_(Scaffold_15;HRSCAF_16),9000001,10000000,11439,0.06981330439237626,0.5,0,0,153
sgE,chr_F_sg_E_(Scaffold_24;HRSCAF_25),28000001,29000000,9734,0.06957833504987813,0.5576923076923077,0,0,154
sgE,chr_E_sg_E_(Scaffold_4;HRSCAF_5),15000001,16000000,8567,0.0685534061803473,0.5857142857142856,0,0,155
sgE,chr_C_sg_E_(Scaffold_9;HRSCAF_10),21000001,22000000,7184,0.06782543736886643,0.5,0,0,156
sgE,chr_C_sg_E_(Scaffold_9;HRSCAF_10),22000001,23000000,11219,0.0677387316905115,0.5576923076923077,0,0,157
sgE,chr_E_sg_E_(Scaffold_4;HRSCAF_5),11000001,12000000,7676,0.0673043790064373,0.6666666666666666,0,0,158
sgE,chr_C_sg_E_(Scaffold_9;HRSCAF_10),20000001,21000000,6627,0.06714108850256498,0.6666666666666666,0,0,159
sgE,chr_B_sg_E_(Scaffold_35;HRSCAF_36),39000001,40000000,11470,0.06696698027343129,0.5238095238095237,0,0,160
sgE,chr_B_sg_E_(Scaffold_35;HRSCAF_36),46000001,47000000,9153,0.06572900223342712,0.5,0,0,161
sgE,chr_B_sg_E_(Scaffold_35;HRSCAF_36),47000001,48000000,9350,0.06570577372716468,0.5714285714285714,0,0,162
sgE,chr_J_sg_E_(Scaffold_5;HRSCAF_6),18000001,19000000,9275,0.06457153807558158,0.5833333333333334,0,0,163
sgE,chr_E_sg_E_(Scaffold_4;HRSCAF_5),16000001,17000000,12456,0.0643296017031573,0.5,0,0,164
sgE,chr_I_sg_E_(Scaffold_15;HRSCAF_16),18000001,19000000,10223,0.06363229926029534,0.6666666666666666,0,0,165
sgE,chr_G_sg_E_(Scaffold_25;HRSCAF_26),23000001,24000000,10402,0.06336221459755331,0.7,0,0,166
sgE,chr_C_sg_E_(Scaffold_9;HRSCAF_10),9000001,10000000,13307,0.06290400063602168,0.6142857142857143,0,0,167
sgE,chr_A_sg_E_(Scaffold_19;HRSCAF_20),10000001,11000000,13344,0.0627406333341585,0.5,0,0,168
sgE,chr_I_sg_E_(Scaffold_15;HRSCAF_16),8000001,9000000,11191,0.06248063139315038,0.5153846153846154,0,0,169
sgE,chr_B_sg_E_(Scaffold_35;HRSCAF_36),41000001,42000000,10961,0.06230132425735043,0.5166666666666666,0,0,170
sgE,chr_D_sg_E_(Scaffold_2;HRSCAF_3),8000001,9000000,15307,0.0621418329280741,0.6666666666666666,0,0,171
sgE,chr_B_sg_E_(Scaffold_35;HRSCAF_36),38000001,39000000,10081,0.0615158029154664,0.7,0,0,172
sgE,chr_E_sg_E_(Scaffold_4;HRSCAF_5),8000001,9000000,10223,0.06146420422318166,0.6153846153846154,0,0,173
sgE,chr_F_sg_E_(Scaffold_24;HRSCAF_25),16000001,17000000,14383,0.06140958915936245,0.7,0,0,174
sgE,chr_J_sg_E_(Scaffold_5;HRSCAF_6),1,1000000,6726,0.06111347889893748,0.5166666666666666,0,0,175
sgE,chr_B_sg_E_(Scaffold_35;HRSCAF_36),43000001,44000000,9089,0.06100143117966921,0.6000000000000001,0,0,176
sgE,chr_C_sg_E_(Scaffold_9;HRSCAF_10),32000001,33000000,8250,0.0609303459167066,0.6666666666666666,0,0,177
sgE,chr_A_sg_E_(Scaffold_19;HRSCAF_20),30000001,31000000,10541,0.0601937156225179,0.5,0,0,178
sgE,chr_C_sg_E_(Scaffold_9;HRSCAF_10),24000001,25000000,7319,0.05912741673774561,0.532051282051282,0,0,179
sgE,chr_I_sg_E_(Scaffold_15;HRSCAF_16),5000001,6000000,9975,0.05910245894456462,0.5681818181818182,0,0,180
sgE,chr_H_sg_E_(Scaffold_11;HRSCAF_12),16000001,17000000,8883,0.05882621918589484,0.5,0,0,181
sgE,chr_A_sg_E_(Scaffold_19;HRSCAF_20),29000001,30000000,15147,0.05846979817568195,0.6666666666666666,0,0,182
sgE,chr_C_sg_E_(Scaffold_9;HRSCAF_10),37000001,38000000,211,0.05766192733017372,0.4166666666666667,0,0,183
sgE,chr_F_sg_E_(Scaffold_24;HRSCAF_25),43000001,44000000,10891,0.05705526454080339,0.5833333333333334,0,0,184
sgE,chr_J_sg_E_(Scaffold_5;HRSCAF_6),6000001,7000000,6687,0.05699482338109418,0.5833333333333334,0,0,185
sgE,chr_C_sg_E_(Scaffold_9;HRSCAF_10),12000001,13000000,14810,0.05690241954759182,0.5833333333333334,0,0,186
sgE,chr_J_sg_E_(Scaffold_5;HRSCAF_6),3000001,4000000,6693,0.05676045819479134,0.4333333333333333,0,0,187
sgE,chr_F_sg_E_(Scaffold_24;HRSCAF_25),39000001,40000000,17872,0.05656547272482808,0.5833333333333334,0,0,188
sgE,chr_H_sg_E_(Scaffold_11;HRSCAF_12),1000001,2000000,14569,0.05651894551098446,0.6666666666666666,0,0,189
sgE,chr_J_sg_E_(Scaffold_5;HRSCAF_6),5000001,6000000,6830,0.05630661432271969,0.5,0,0,190
sgE,chr_K_sg_E_(Scaffold_31;HRSCAF_32),15000001,16000000,11979,0.05621272944713875,0.5,0,0,191
sgE,chr_F_sg_E_(Scaffold_24;HRSCAF_25),26000001,27000000,11456,0.05612749389809505,0.5,0,0,192
sgE,chr_B_sg_E_(Scaffold_35;HRSCAF_36),40000001,41000000,9057,0.05599626625628723,0.5833333333333334,0,0,193
sgE,chr_J_sg_E_(Scaffold_5;HRSCAF_6),16000001,17000000,11210,0.05590441895303682,0.5,0,0,194
sgE,chr_C_sg_E_(Scaffold_9;HRSCAF_10),18000001,19000000,10780,0.05587704966647396,0.5952380952380953,0,0,195
sgE,chr_F_sg_E_(Scaffold_24;HRSCAF_25),36000001,37000000,11420,0.05575918244044424,0.5,0,0,196
sgE,chr_B_sg_E_(Scaffold_35;HRSCAF_36),36000001,37000000,10947,0.05562702575582837,0.7,0,0,197
sgE,chr_A_sg_E_(Scaffold_19;HRSCAF_20),20000001,21000000,12800,0.0553216453685209,0.5833333333333334,0,0,198
sgE,chr_H_sg_E_(Scaffold_11;HRSCAF_12),11000001,12000000,9070,0.05515995948190041,0.6615384615384615,0,0,199
sgE,chr_I_sg_E_(Scaffold_15;HRSCAF_16),19000001,20000000,14299,0.05500410375926205,0.6000000000000001,0,0,200
sgE,chr_G_sg_E_(Scaffold_25;HRSCAF_26),26000001,27000000,14941,0.05443342882938643,0.5,0,0,201
sgE,chr_H_sg_E_(Scaffold_11;HRSCAF_12),15000001,16000000,11988,0.05441314746870276,0.5,0,0,202
sgE,chr_F_sg_E_(Scaffold_24;HRSCAF_25),21000001,22000000,13898,0.05431821560221352,0.6666666666666666,0,0,203
sgE,chr_J_sg_E_(Scaffold_5;HRSCAF_6),19000001,20000000,8555,0.05418146727614984,0.5,0,0,204
sgE,chr_H_sg_E_(Scaffold_11;HRSCAF_12),1,1000000,13601,0.05416938341907112,0.4166666666666667,0,0,205
sgE,chr_C_sg_E_(Scaffold_9;HRSCAF_10),17000001,18000000,13743,0.05404879790385347,0.5833333333333334,0,0,206
sgE,chr_C_sg_E_(Scaffold_9;HRSCAF_10),27000001,28000000,10855,0.05394833249047889,0.5,0,0,207
sgE,chr_A_sg_E_(Scaffold_19;HRSCAF_20),28000001,29000000,11597,0.05385477676587461,0.5583333333333333,0,0,208
sgE,chr_F_sg_E_(Scaffold_24;HRSCAF_25),44000001,45000000,15511,0.05382042455570807,0.5897435897435896,0,0,209
sgE,chr_B_sg_E_(Scaffold_35;HRSCAF_36),50000001,51000000,16102,0.05374111218416223,0.6309523809523809,0,0,210
sgE,chr_C_sg_E_(Scaffold_9;HRSCAF_10),34000001,35000000,11464,0.05372853768701753,0.5,0,0,211
sgE,chr_F_sg_E_(Scaffold_24;HRSCAF_25),37000001,38000000,11245,0.05364868272382776,0.6666666666666666,0,0,212
sgE,chr_E_sg_E_(Scaffold_4;HRSCAF_5),21000001,22000000,13325,0.05347953297484105,0.6666666666666666,0,0,213
sgE,chr_F_sg_E_(Scaffold_24;HRSCAF_25),27000001,28000000,13188,0.05338727216570788,0.6666666666666666,0,0,214
sgE,chr_G_sg_E_(Scaffold_25;HRSCAF_26),22000001,23000000,12032,0.05302378251181448,0.5,0,0,215
sgE,chr_K_sg_E_(Scaffold_31;HRSCAF_32),24000001,25000000,14803,0.05278369089758981,0.7000000000000001,0,0,216
sgE,chr_I_sg_E_(Scaffold_15;HRSCAF_16),4000001,5000000,13331,0.0527549844949148,0.5,0,0,217
sgE,chr_H_sg_E_(Scaffold_11;HRSCAF_12),27000001,28000000,14171,0.05250698892996481,0.5166666666666667,0,0,218
sgE,chr_F_sg_E_(Scaffold_24;HRSCAF_25),40000001,41000000,13064,0.05185803237893165,0.5,0,0,219
sgE,chr_H_sg_E_(Scaffold_11;HRSCAF_12),9000001,10000000,11168,0.05174534679146085,0.5833333333333334,0,0,220
sgE,chr_B_sg_E_(Scaffold_35;HRSCAF_36),28000001,29000000,13431,0.05169222359304958,0.6666666666666666,0,0,221
sgE,chr_E_sg_E_(Scaffold_4;HRSCAF_5),20000001,21000000,10470,0.05166101965528963,0.5,0,0,222
sgE,chr_B_sg_E_(Scaffold_35;HRSCAF_36),30000001,31000000,15823,0.05147067588292131,0.5833333333333334,0,0,223
sgE,chr_I_sg_E_(Scaffold_15;HRSCAF_16),2000001,3000000,14006,0.05146345039605055,0.6,0,0,224
sgE,chr_K_sg_E_(Scaffold_31;HRSCAF_32),34000001,35000000,599,0.05106450310957823,0.6666666666666666,0,0,225
sgE,chr_I_sg_E_(Scaffold_15;HRSCAF_16),22000001,23000000,13123,0.05065849972121415,0.6333333333333333,0,0,226
sgE,chr_F_sg_E_(Scaffold_24;HRSCAF_25),25000001,26000000,10050,0.0504406215674876,0.5666666666666667,0,0,227
sgE,chr_K_sg_E_(Scaffold_31;HRSCAF_32),4000001,5000000,11149,0.05035758532933193,0.7000000000000001,0,0,228
sgE,chr_I_sg_E_(Scaffold_15;HRSCAF_16),20000001,21000000,11294,0.05026368841004977,0.6090909090909091,0,0,229
sgE,chr_C_sg_E_(Scaffold_9;HRSCAF_10),15000001,16000000,11127,0.04983747042927405,0.5,0,0,230
sgE,chr_C_sg_E_(Scaffold_9;HRSCAF_10),23000001,24000000,10457,0.04983618593640611,0.5,0,0,231
sgE,chr_D_sg_E_(Scaffold_2;HRSCAF_3),24000001,25000000,10449,0.04929179268111251,0.6000000000000001,0,0,232
sgE,chr_J_sg_E_(Scaffold_5;HRSCAF_6),4000001,5000000,7143,0.04903365122285713,0.5,0,0,233
sgE,chr_C_sg_E_(Scaffold_9;HRSCAF_10),8000001,9000000,16823,0.0490030155503017,0.5,0,0,234
sgE,chr_H_sg_E_(Scaffold_11;HRSCAF_12),4000001,5000000,14355,0.04881948849556187,0.5333333333333334,0,0,235
sgE,chr_E_sg_E_(Scaffold_4;HRSCAF_5),28000001,29000000,16167,0.04805100142361603,0.5833333333333334,0,0,236
sgE,chr_I_sg_E_(Scaffold_15;HRSCAF_16),21000001,22000000,15085,0.047731619833046,0.5,0,0,237
sgE,chr_K_sg_E_(Scaffold_31;HRSCAF_32),9000001,10000000,10901,0.04754792038527494,0.5,0,0,238
sgE,chr_C_sg_E_(Scaffold_9;HRSCAF_10),14000001,15000000,14250,0.04752668851616284,0.5833333333333334,0,0,239
sgE,chr_E_sg_E_(Scaffold_4;HRSCAF_5),6000001,7000000,12301,0.04752187898273654,0.5833333333333334,0,0,240
sgE,chr_J_sg_E_(Scaffold_5;HRSCAF_6),15000001,16000000,11077,0.04751927202726215,0.5,0,0,241
sgE,chr_K_sg_E_(Scaffold_31;HRSCAF_32),22000001,23000000,16346,0.0468916060895773,0.55,0,0,242
sgE,chr_E_sg_E_(Scaffold_4;HRSCAF_5),18000001,19000000,11794,0.04686067211291921,0.5705128205128205,0,0,243
sgE,chr_F_sg_E_(Scaffold_24;HRSCAF_25),19000001,20000000,17974,0.04678837615162343,0.575,0,0,244
sgE,chr_B_sg_E_(Scaffold_35;HRSCAF_36),37000001,38000000,9873,0.0461649090637242,0.5,0,0,245
sgE,chr_J_sg_E_(Scaffold_5;HRSCAF_6),2000001,3000000,6685,0.04602277801978701,0.5,0,0,246
sgE,chr_J_sg_E_(Scaffold_5;HRSCAF_6),1000001,2000000,5989,0.0455848260197912,0.4166666666666667,0,0,247
sgE,chr_I_sg_E_(Scaffold_15;HRSCAF_16),23000001,24000000,13258,0.04551532341545946,0.5,0,0,248
sgE,chr_E_sg_E_(Scaffold_4;HRSCAF_5),2000001,3000000,11119,0.04551521042437404,0.5,0,0,249
sgE,chr_H_sg_E_(Scaffold_11;HRSCAF_12),18000001,19000000,13283,0.04533417534810363,0.7333333333333334,0,0,250
sgE,chr_E_sg_E_(Scaffold_4;HRSCAF_5),24000001,25000000,12561,0.0452953615659601,0.5,0,0,251
sgE,chr_E_sg_E_(Scaffold_4;HRSCAF_5),26000001,27000000,13662,0.04524748783642039,0.5333333333333333,0,0,252
sgE,chr_E_sg_E_(Scaffold_4;HRSCAF_5),25000001,26000000,12796,0.0451802163919236,0.6833333333333333,0,0,253
sgE,chr_F_sg_E_(Scaffold_24;HRSCAF_25),42000001,43000000,12775,0.04510582893948933,0.5333333333333333,0,0,254
sgE,chr_B_sg_E_(Scaffold_35;HRSCAF_36),51000001,52000000,13473,0.04473751773350813,0.5214285714285714,0,0,255
sgE,chr_B_sg_E_(Scaffold_35;HRSCAF_36),55000001,56000000,13721,0.04400152297718085,0.7,0,0,256
sgE,chr_B_sg_E_(Scaffold_35;HRSCAF_36),48000001,49000000,12150,0.0439465123354007,0.5,0,0,257
sgE,chr_F_sg_E_(Scaffold_24;HRSCAF_25),18000001,19000000,13132,0.04382833635042002,0.5795454545454546,0,0,258
sgE,chr_B_sg_E_(Scaffold_35;HRSCAF_36),31000001,32000000,11584,0.04381642040050001,0.6666666666666666,0,0,259
sgE,chr_B_sg_E_(Scaffold_35;HRSCAF_36),54000001,55000000,16559,0.04352098070016335,0.5,0,0,260
sgE,chr_E_sg_E_(Scaffold_4;HRSCAF_5),5000001,6000000,14551,0.04320526391346397,0.5,0,0,261
sgE,chr_E_sg_E_(Scaffold_4;HRSCAF_5),22000001,23000000,12204,0.0428679897890798,0.5833333333333334,0,0,262
sgE,chr_G_sg_E_(Scaffold_25;HRSCAF_26),18000001,19000000,12907,0.04283284314662601,0.5833333333333334,0,0,263
sgE,chr_B_sg_E_(Scaffold_35;HRSCAF_36),33000001,34000000,11512,0.04280548470524185,0.7000000000000001,0,0,264
sgE,chr_C_sg_E_(Scaffold_9;HRSCAF_10),28000001,29000000,12507,0.04237457393489883,0.5,0,0,265
sgE,chr_I_sg_E_(Scaffold_15;HRSCAF_16),6000001,7000000,12768,0.04225910628636226,0.5,0,0,266
sgE,chr_F_sg_E_(Scaffold_24;HRSCAF_25),22000001,23000000,12178,0.04197803072823611,0.5,0,0,267
sgE,chr_C_sg_E_(Scaffold_9;HRSCAF_10),16000001,17000000,11908,0.04176524404942208,0.5,0,0,268
sgE,chr_F_sg_E_(Scaffold_24;HRSCAF_25),23000001,24000000,11244,0.04128448111238907,0.6,0,0,269
sgE,chr_J_sg_E_(Scaffold_5;HRSCAF_6),22000001,23000000,13178,0.041226923276551,0.5,0,0,270
sgE,chr_K_sg_E_(Scaffold_31;HRSCAF_32),23000001,24000000,15332,0.04059596047921042,0.6,0,0,271
sgE,chr_H_sg_E_(Scaffold_11;HRSCAF_12),22000001,23000000,15821,0.04053780900851321,0.6000000000000001,0,0,272
sgE,chr_B_sg_E_(Scaffold_35;HRSCAF_36),26000001,27000000,13579,0.04038060032610416,0.5,0,0,273
sgE,chr_E_sg_E_(Scaffold_4;HRSCAF_5),4000001,5000000,13697,0.03995575316119958,0.5865384615384616,0,0,274
sgE,chr_K_sg_E_(Scaffold_31;HRSCAF_32),21000001,22000000,15593,0.03933894084282016,0.55,0,0,275
sgE,chr_J_sg_E_(Scaffold_5;HRSCAF_6),7000001,8000000,8030,0.03829948590222607,0.5641025641025641,0,0,276
sgE,chr_E_sg_E_(Scaffold_4;HRSCAF_5),1,1000000,11198,0.03821968797410783,0.5,0,0,277
sgE,chr_H_sg_E_(Scaffold_11;HRSCAF_12),36000001,37000000,8105,0.03807629651861587,0.5,0,0,278
sgE,chr_I_sg_E_(Scaffold_15;HRSCAF_16),1000001,2000000,11207,0.03749683587285126,0.5,0,0,279
sgE,chr_J_sg_E_(Scaffold_5;HRSCAF_6),8000001,9000000,12748,0.03748001096800839,0.5576923076923077,0,0,280
sgE,chr_F_sg_E_(Scaffold_24;HRSCAF_25),24000001,25000000,13050,0.03741673524432164,0.5,0,0,281
sgE,chr_E_sg_E_(Scaffold_4;HRSCAF_5),1000001,2000000,13696,0.03737403987659476,0.5,0,0,282
sgE,chr_H_sg_E_(Scaffold_11;HRSCAF_12),21000001,22000000,14264,0.03699126985372055,0.5,0,0,283
sgE,chr_C_sg_E_(Scaffold_9;HRSCAF_10),7000001,8000000,15435,0.03671071019467451,0.5,0,0,284
sgE,chr_G_sg_E_(Scaffold_25;HRSCAF_26),16000001,17000000,11378,0.03670945785333185,0.5833333333333334,0,0,285
sgE,chr_E_sg_E_(Scaffold_4;HRSCAF_5),10000001,11000000,11506,0.0367067416041865,0.6,0,0,286
sgE,chr_A_sg_E_(Scaffold_19;HRSCAF_20),38000001,39000000,11984,0.03651243477261477,0.6,0,0,287
sgE,chr_E_sg_E_(Scaffold_4;HRSCAF_5),32000001,33000000,13117,0.03638343435934348,0.5,0,0,288
sgE,chr_B_sg_E_(Scaffold_35;HRSCAF_36),24000001,25000000,12933,0.03608213933544337,0.6499999999999999,0,0,289
sgE,chr_H_sg_E_(Scaffold_11;HRSCAF_12),5000001,6000000,14552,0.03582596451102387,0.5,0,0,290
sgE,chr_A_sg_E_(Scaffold_19;HRSCAF_20),37000001,38000000,14427,0.03577375409876936,0.5,0,0,291
sgE,chr_J_sg_E_(Scaffold_5;HRSCAF_6),10000001,11000000,14513,0.03575960546952024,0.5,0,0,292
sgE,chr_K_sg_E_(Scaffold_31;HRSCAF_32),1,1000000,12142,0.03573776559281388,0.5,0,0,293
sgE,chr_F_sg_E_(Scaffold_24;HRSCAF_25),15000001,16000000,14703,0.03568367348718338,0.5833333333333334,0,0,294
sgE,chr_H_sg_E_(Scaffold_11;HRSCAF_12),7000001,8000000,15093,0.03562656672376413,0.5897435897435899,0,0,295
sgE,chr_G_sg_E_(Scaffold_25;HRSCAF_26),17000001,18000000,12390,0.03561778818437462,0.5,0,0,296
sgE,chr_B_sg_E_(Scaffold_35;HRSCAF_36),29000001,30000000,15701,0.0355568974048693,0.5833333333333334,0,0,297
sgE,chr_I_sg_E_(Scaffold_15;HRSCAF_16),1,1000000,9076,0.03540545138716099,0.7142857142857143,0,0,298
sgE,chr_H_sg_E_(Scaffold_11;HRSCAF_12),23000001,24000000,14092,0.03529051726965456,0.6666666666666666,0,0,299
sgE,chr_B_sg_E_(Scaffold_35;HRSCAF_36),53000001,54000000,14184,0.03527471013194256,0.5,0,0,300
sgE,chr_H_sg_E_(Scaffold_11;HRSCAF_12),31000001,32000000,14332,0.03521151085866363,0.4166666666666667,0,0,301
sgE,chr_H_sg_E_(Scaffold_11;HRSCAF_12),28000001,29000000,12445,0.03497877775097537,0.5,0,0,302
sgE,chr_C_sg_E_(Scaffold_9;HRSCAF_10),26000001,27000000,11548,0.03497452928090318,0.6904761904761905,0,0,303
sgE,chr_K_sg_E_(Scaffold_31;HRSCAF_32),1000001,2000000,14128,0.03476817750954162,0.6000000000000001,0,0,304
sgE,chr_H_sg_E_(Scaffold_11;HRSCAF_12),30000001,31000000,13323,0.03472324980431232,0.5,0,0,305
sgE,chr_B_sg_E_(Scaffold_35;HRSCAF_36),52000001,53000000,13627,0.03421812281796031,0.5,0,0,306
sgE,chr_C_sg_E_(Scaffold_9;HRSCAF_10),13000001,14000000,16264,0.03374202918672295,0.6923076923076923,0,0,307
sgE,chr_K_sg_E_(Scaffold_31;HRSCAF_32),25000001,26000000,15390,0.03335288980025765,0.7083333333333334,0,0,308
sgE,chr_G_sg_E_(Scaffold_25;HRSCAF_26),4000001,5000000,12122,0.0333092126484303,0.6666666666666666,0,0,309
sgE,chr_B_sg_E_(Scaffold_35;HRSCAF_36),14000001,15000000,13640,0.03285488338640856,0.6333333333333333,0,0,310
sgE,chr_F_sg_E_(Scaffold_24;HRSCAF_25),45000001,46000000,15131,0.03276565957485933,0.5615384615384615,0,0,311
sgE,chr_B_sg_E_(Scaffold_35;HRSCAF_36),27000001,28000000,12407,0.03228933152766529,0.5,0,0,312
sgE,chr_E_sg_E_(Scaffold_4;HRSCAF_5),19000001,20000000,15880,0.03222153004426304,0.5,0,0,313
sgE,chr_A_sg_E_(Scaffold_19;HRSCAF_20),39000001,40000000,13091,0.03203284251714503,0.4166666666666667,0,0,314
sgE,chr_F_sg_E_(Scaffold_24;HRSCAF_25),38000001,39000000,15484,0.0320304259806328,0.5,0,0,315
sgE,chr_H_sg_E_(Scaffold_11;HRSCAF_12),29000001,30000000,13194,0.03193229134566136,0.5,0,0,316
sgE,chr_C_sg_E_(Scaffold_9;HRSCAF_10),35000001,36000000,14872,0.03192626866140742,0.4615384615384616,0,0,317
sgE,chr_G_sg_E_(Scaffold_25;HRSCAF_26),7000001,8000000,13788,0.03192333948970153,0.5,0,0,318
sgE,chr_J_sg_E_(Scaffold_5;HRSCAF_6),12000001,13000000,15522,0.03187645365844086,0.7166666666666667,0,0,319
sgE,chr_H_sg_E_(Scaffold_11;HRSCAF_12),24000001,25000000,14538,0.03183536839644946,0.5833333333333334,0,0,320
sgE,chr_H_sg_E_(Scaffold_11;HRSCAF_12),3000001,4000000,14099,0.03177205681993232,0.5,0,0,321
sgE,chr_I_sg_E_(Scaffold_15;HRSCAF_16),26000001,27000000,17139,0.03147399889916997,0.5333333333333332,0,0,322
sgE,chr_B_sg_E_(Scaffold_35;HRSCAF_36),25000001,26000000,15272,0.03111457143345495,0.6499999999999999,0,0,323
sgE,chr_I_sg_E_(Scaffold_15;HRSCAF_16),24000001,25000000,12860,0.03093896124611519,0.7083333333333334,0,0,324
sgE,chr_F_sg_E_(Scaffold_24;HRSCAF_25),46000001,47000000,12369,0.03039045063056705,0.5,0,0,325
sgE,chr_B_sg_E_(Scaffold_35;HRSCAF_36),56000001,57000000,12979,0.03031031685011125,0.5,0,0,326
sgE,chr_J_sg_E_(Scaffold_5;HRSCAF_6),11000001,12000000,13666,0.0302870985056705,0.7,0,0,327
sgE,chr_G_sg_E_(Scaffold_25;HRSCAF_26),1000001,2000000,14112,0.03019823796290563,0.4166666666666667,0,0,328
sgE,chr_J_sg_E_(Scaffold_5;HRSCAF_6),14000001,15000000,14738,0.0301033069251284,0.5166666666666666,0,0,329
sgE,chr_E_sg_E_(Scaffold_4;HRSCAF_5),30000001,31000000,14375,0.03005684402554013,0.4666666666666667,0,0,330
sgE,chr_J_sg_E_(Scaffold_5;HRSCAF_6),24000001,25000000,15328,0.03003331263378216,0.5,0,0,331
sgE,chr_B_sg_E_(Scaffold_35;HRSCAF_36),59000001,60000000,13768,0.02978771603662614,0.7,0,0,332
sgE,chr_A_sg_E_(Scaffold_19;HRSCAF_20),35000001,36000000,13880,0.0296886164987749,0.5666666666666667,0,0,333
sgE,chr_E_sg_E_(Scaffold_4;HRSCAF_5),31000001,32000000,13518,0.02966422909831724,0.5,0,0,334
sgE,chr_J_sg_E_(Scaffold_5;HRSCAF_6),27000001,28000000,13532,0.02952778615282253,0.6666666666666666,0,0,335
sgE,chr_F_sg_E_(Scaffold_24;HRSCAF_25),13000001,14000000,12970,0.02924339410268497,0.5,0,0,336
sgE,chr_A_sg_E_(Scaffold_19;HRSCAF_20),36000001,37000000,12842,0.02923450815913035,0.5333333333333333,0,0,337
sgE,chr_A_sg_E_(Scaffold_19;HRSCAF_20),42000001,43000000,6994,0.0290862471338594,0.5,0,0,338
sgE,chr_G_sg_E_(Scaffold_25;HRSCAF_26),8000001,9000000,14828,0.02908028881019154,0.6333333333333334,0,0,339
sgE,chr_A_sg_E_(Scaffold_19;HRSCAF_20),41000001,42000000,12619,0.02876285890193475,0.5,0,0,340
sgE,chr_G_sg_E_(Scaffold_25;HRSCAF_26),15000001,16000000,12005,0.02802604864245857,0.5,0,0,341
sgE,chr_F_sg_E_(Scaffold_24;HRSCAF_25),3000001,4000000,12827,0.02790517997893091,0.7,0,0,342
sgE,chr_F_sg_E_(Scaffold_24;HRSCAF_25),14000001,15000000,14604,0.02779603761526529,0.5,0,0,343
sgE,chr_C_sg_E_(Scaffold_9;HRSCAF_10),6000001,7000000,14817,0.02763404005052136,0.55,0,0,344
sgE,chr_F_sg_E_(Scaffold_24;HRSCAF_25),12000001,13000000,12909,0.02760361749439073,0.5,0,0,345
sgE,chr_F_sg_E_(Scaffold_24;HRSCAF_25),6000001,7000000,9716,0.0275237439245259,0.5,0,0,346
sgE,chr_B_sg_E_(Scaffold_35;HRSCAF_36),58000001,59000000,13277,0.02744078057966768,0.6666666666666666,0,0,347
sgE,chr_B_sg_E_(Scaffold_35;HRSCAF_36),12000001,13000000,13511,0.02743032200326261,0.5,0,0,348
sgE,chr_J_sg_E_(Scaffold_5;HRSCAF_6),23000001,24000000,14183,0.02726146564897141,0.5,0,0,349
sgE,chr_I_sg_E_(Scaffold_15;HRSCAF_16),25000001,26000000,16208,0.02682963527916589,0.5,0,0,350
sgE,chr_E_sg_E_(Scaffold_4;HRSCAF_5),3000001,4000000,13622,0.02650980298352245,0.5,0,0,351
sgE,chr_H_sg_E_(Scaffold_11;HRSCAF_12),2000001,3000000,13095,0.02647972493333312,0.5,0,0,352
sgE,chr_A_sg_E_(Scaffold_19;HRSCAF_20),34000001,35000000,13132,0.0264637560632076,0.5,0,0,353
sgE,chr_G_sg_E_(Scaffold_25;HRSCAF_26),5000001,6000000,12804,0.02641345884668292,0.5,0,0,354
sgE,chr_K_sg_E_(Scaffold_31;HRSCAF_32),26000001,27000000,13133,0.02552395889599823,0.6000000000000001,0,0,355
sgE,chr_J_sg_E_(Scaffold_5;HRSCAF_6),25000001,26000000,14347,0.02505369215482825,0.6666666666666666,0,0,356
sgE,chr_D_sg_E_(Scaffold_2;HRSCAF_3),3000001,4000000,12749,0.02482684844634837,0.6666666666666666,0,0,357
sgE,chr_H_sg_E_(Scaffold_11;HRSCAF_12),32000001,33000000,13731,0.02471180714025387,0.5,0,0,358
sgE,chr_A_sg_E_(Scaffold_19;HRSCAF_20),31000001,32000000,12514,0.02454812514745428,0.5,0,0,359
sgE,chr_F_sg_E_(Scaffold_24;HRSCAF_25),4000001,5000000,14072,0.02438844318463407,0.5,0,0,360
sgE,chr_E_sg_E_(Scaffold_4;HRSCAF_5),33000001,34000000,11760,0.02416925832104427,0.65,0,0,361
sgE,chr_K_sg_E_(Scaffold_31;HRSCAF_32),33000001,34000000,12655,0.02401113768359896,0.6666666666666666,0,0,362
sgE,chr_J_sg_E_(Scaffold_5;HRSCAF_6),29000001,30000000,13095,0.02399352948608371,0.5,0,0,363
sgE,chr_E_sg_E_(Scaffold_4;HRSCAF_5),38000001,39000000,1466,0.02393871476408994,0.5,0,0,364
sgE,chr_F_sg_E_(Scaffold_24;HRSCAF_25),10000001,11000000,14750,0.02373889105245013,0.5833333333333334,0,0,365
sgE,chr_J_sg_E_(Scaffold_5;HRSCAF_6),9000001,10000000,14172,0.02351710231155596,0.5,0,0,366
sgE,chr_G_sg_E_(Scaffold_25;HRSCAF_26),6000001,7000000,13898,0.02349386594601714,0.3833333333333334,0,0,367
sgE,chr_B_sg_E_(Scaffold_35;HRSCAF_36),1000001,2000000,13663,0.022863579734325,0.6,0,0,368
sgE,chr_E_sg_E_(Scaffold_4;HRSCAF_5),34000001,35000000,13034,0.02211152741688271,0.4166666666666667,0,0,369
sgE,chr_F_sg_E_(Scaffold_24;HRSCAF_25),1,1000000,11776,0.02195100882473545,0.6,0,0,370
sgE,chr_E_sg_E_(Scaffold_4;HRSCAF_5),35000001,36000000,12442,0.02173442548985068,0.5,0,0,371
sgE,chr_K_sg_E_(Scaffold_31;HRSCAF_32),27000001,28000000,12148,0.02165860974718448,0.4666666666666667,0,0,372
sgE,chr_B_sg_E_(Scaffold_35;HRSCAF_36),6000001,7000000,14077,0.02164050164511888,0.5,0,0,373
sgE,chr_A_sg_E_(Scaffold_19;HRSCAF_20),40000001,41000000,12233,0.02089616628773015,0.5,0,0,374
sgE,chr_J_sg_E_(Scaffold_5;HRSCAF_6),28000001,29000000,14385,0.02064935180680741,0.5,0,0,375
sgE,chr_D_sg_E_(Scaffold_2;HRSCAF_3),5000001,6000000,13266,0.0205015981304992,0.5595238095238095,0,0,376
sgE,chr_J_sg_E_(Scaffold_5;HRSCAF_6),26000001,27000000,13097,0.02045419902944554,0.5,0,0,377
sgE,chr_B_sg_E_(Scaffold_35;HRSCAF_36),62000001,63000000,12310,0.02044079532706703,0.5,0,0,378
sgE,chr_G_sg_E_(Scaffold_25;HRSCAF_26),3000001,4000000,13706,0.01957054631248421,0.5692307692307692,0,0,379
sgE,chr_G_sg_E_(Scaffold_25;HRSCAF_26),10000001,11000000,14917,0.01929508169201133,0.5448717948717949,0,0,380
sgE,chr_G_sg_E_(Scaffold_25;HRSCAF_26),9000001,10000000,13287,0.01927924876107342,0.7333333333333333,0,0,381
sgE,chr_B_sg_E_(Scaffold_35;HRSCAF_36),1,1000000,12714,0.01925801048618426,0.4166666666666667,0,0,382
sgE,chr_I_sg_E_(Scaffold_15;HRSCAF_16),30000001,31000000,11276,0.01923454683742041,0.5892857142857143,0,0,383
sgE,chr_H_sg_E_(Scaffold_11;HRSCAF_12),35000001,36000000,13061,0.01920728252173032,0.5833333333333334,0,0,384
sgE,chr_I_sg_E_(Scaffold_15;HRSCAF_16),28000001,29000000,13435,0.01918367577094798,0.5,0,0,385
sgE,chr_H_sg_E_(Scaffold_11;HRSCAF_12),33000001,34000000,12650,0.01900078314307576,0.4333333333333333,0,0,386
sgE,chr_A_sg_E_(Scaffold_19;HRSCAF_20),32000001,33000000,12959,0.01877227577320179,0.5,0,0,387
sgE,chr_J_sg_E_(Scaffold_5;HRSCAF_6),31000001,32000000,2599,0.01868363776790096,0.4166666666666667,0,0,388
sgE,chr_J_sg_E_(Scaffold_5;HRSCAF_6),30000001,31000000,14284,0.01864814919981573,0.5833333333333334,0,0,389
sgE,chr_B_sg_E_(Scaffold_35;HRSCAF_36),7000001,8000000,12857,0.01836664994283431,0.6666666666666666,0,0,390
sgE,chr_I_sg_E_(Scaffold_15;HRSCAF_16),29000001,30000000,12388,0.01830843787576132,0.4666666666666667,0,0,391
sgE,chr_B_sg_E_(Scaffold_35;HRSCAF_36),60000001,61000000,13839,0.01825669212402391,0.6000000000000001,0,0,392
sgE,chr_C_sg_E_(Scaffold_9;HRSCAF_10),4000001,5000000,14618,0.01817639650448555,0.6333333333333333,0,0,393
sgE,chr_K_sg_E_(Scaffold_31;HRSCAF_32),32000001,33000000,12709,0.01806303107546325,0.5,0,0,394
sgE,chr_G_sg_E_(Scaffold_25;HRSCAF_26),13000001,14000000,13755,0.01759706427100118,0.6,0,0,395
sgE,chr_C_sg_E_(Scaffold_9;HRSCAF_10),3000001,4000000,13287,0.01751580561131287,0.65,0,0,396
sgE,chr_B_sg_E_(Scaffold_35;HRSCAF_36),8000001,9000000,12851,0.01747838380590713,0.5,0,0,397
sgE,chr_B_sg_E_(Scaffold_35;HRSCAF_36),9000001,10000000,13625,0.01738882035395808,0.4583333333333333,0,0,398
sgE,chr_F_sg_E_(Scaffold_24;HRSCAF_25),9000001,10000000,14855,0.01720622621329479,0.5,0,0,399
sgE,chr_F_sg_E_(Scaffold_24;HRSCAF_25),7000001,8000000,12793,0.01719969626246506,0.5,0,0,400
sgE,chr_B_sg_E_(Scaffold_35;HRSCAF_36),11000001,12000000,12527,0.01718479160604176,0.4166666666666667,0,0,401
sgE,chr_K_sg_E_(Scaffold_31;HRSCAF_32),31000001,32000000,10491,0.017181367388688,0.5,0,0,402
sgE,chr_F_sg_E_(Scaffold_24;HRSCAF_25),11000001,12000000,13051,0.01696483222036826,0.4,0,0,403
sgE,chr_G_sg_E_(Scaffold_25;HRSCAF_26),12000001,13000000,12611,0.01693716441357407,0.5,0,0,404
sgE,chr_B_sg_E_(Scaffold_35;HRSCAF_36),15000001,16000000,13600,0.01692538650075425,0.5833333333333334,0,0,405
sgE,chr_B_sg_E_(Scaffold_35;HRSCAF_36),21000001,22000000,13583,0.01686318846924047,0.5,0,0,406
sgE,chr_D_sg_E_(Scaffold_2;HRSCAF_3),1000001,2000000,12604,0.01679032646185953,0.4833333333333333,0,0,407
sgE,chr_H_sg_E_(Scaffold_11;HRSCAF_12),34000001,35000000,12435,0.01662225189366317,0.5,0,0,408
sgE,chr_G_sg_E_(Scaffold_25;HRSCAF_26),11000001,12000000,13428,0.0165111214373953,0.5,0,0,409
sgE,chr_C_sg_E_(Scaffold_9;HRSCAF_10),2000001,3000000,13336,0.01644456136245298,0.6666666666666666,0,0,410
sgE,chr_B_sg_E_(Scaffold_35;HRSCAF_36),18000001,19000000,12311,0.01640520825396149,0.5,0,0,411
sgE,chr_E_sg_E_(Scaffold_4;HRSCAF_5),37000001,38000000,12510,0.01638851556117749,0.5,0,0,412
sgE,chr_B_sg_E_(Scaffold_35;HRSCAF_36),4000001,5000000,15094,0.01632640654106158,0.5,0,0,413
sgE,chr_I_sg_E_(Scaffold_15;HRSCAF_16),27000001,28000000,12963,0.0157872765718174,0.4166666666666667,0,0,414
sgE,chr_B_sg_E_(Scaffold_35;HRSCAF_36),16000001,17000000,12754,0.01577063950633043,0.4166666666666667,0,0,415
sgE,chr_B_sg_E_(Scaffold_35;HRSCAF_36),19000001,20000000,12766,0.01574126823617688,0.3833333333333334,0,0,416
sgE,chr_B_sg_E_(Scaffold_35;HRSCAF_36),17000001,18000000,12232,0.01565951284926123,0.6,0,0,417
sgE,chr_B_sg_E_(Scaffold_35;HRSCAF_36),2000001,3000000,12607,0.01557177586169417,0.5,0,0,418
sgE,chr_D_sg_E_(Scaffold_2;HRSCAF_3),4000001,5000000,13559,0.01535625853606528,0.5,0,0,419
sgE,chr_K_sg_E_(Scaffold_31;HRSCAF_32),29000001,30000000,13125,0.01535624819624851,0.4166666666666667,0,0,420
sgE,chr_F_sg_E_(Scaffold_24;HRSCAF_25),5000001,6000000,13407,0.01518304921750883,0.3833333333333334,0,0,421
sgE,chr_C_sg_E_(Scaffold_9;HRSCAF_10),1000001,2000000,11031,0.01518212244347674,0.5,0,0,422
sgE,chr_B_sg_E_(Scaffold_35;HRSCAF_36),22000001,23000000,14663,0.01501444292141993,0.35,0,0,423
sgE,chr_D_sg_E_(Scaffold_2;HRSCAF_3),1,1000000,11694,0.01475549847792022,0.5,0,0,424
sgE,chr_K_sg_E_(Scaffold_31;HRSCAF_32),28000001,29000000,13716,0.01435316955330094,0.4404761904761905,0,0,425
sgE,chr_F_sg_E_(Scaffold_24;HRSCAF_25),8000001,9000000,13766,0.014061831674065,0.5,0,0,426
sgE,chr_K_sg_E_(Scaffold_31;HRSCAF_32),30000001,31000000,11757,0.01405608015074709,0.5,0,0,427
sgE,chr_B_sg_E_(Scaffold_35;HRSCAF_36),63000001,64000000,13788,0.01362428367976691,0.5166666666666667,0,0,428
sgE,chr_A_sg_E_(Scaffold_19;HRSCAF_20),33000001,34000000,14352,0.01361671355400459,0.5,0,0,429
sgE,chr_B_sg_E_(Scaffold_35;HRSCAF_36),3000001,4000000,12985,0.01354923923464551,0.4166666666666667,0,0,430
sgE,chr_B_sg_E_(Scaffold_35;HRSCAF_36),20000001,21000000,13088,0.01324849190642283,0.7000000000000001,0,0,431
sgE,chr_D_sg_E_(Scaffold_2;HRSCAF_3),2000001,3000000,13583,0.01309347703185598,0.380952380952381,0,0,432
sgE,chr_G_sg_E_(Scaffold_25;HRSCAF_26),2000001,3000000,12981,0.01237608397303325,0.45,0,0,433
sgE,chr_F_sg_E_(Scaffold_24;HRSCAF_25),1000001,2000000,13537,0.01200632983524316,0.55,0,0,434
sgE,chr_B_sg_E_(Scaffold_35;HRSCAF_36),5000001,6000000,14977,0.01198215774566174,0.4166666666666667,0,0,435
sgE,chr_C_sg_E_(Scaffold_9;HRSCAF_10),1,1000000,10785,0.0108842409329195,0.5,0,0,436
sgE,chr_F_sg_E_(Scaffold_24;HRSCAF_25),2000001,3000000,13389,0.01023368731748737,0.5833333333333334,0,0,437
